total_recommend,days_since_earliest,word_count,weekly_recommend,remaining_attributes,status,contract_vip,author_level,total_works,total_creation_words,creation_days
0,65.0,262800,0,"['都市', '都市异能']",1,1,2,4,2250000,506
3,38.0,110800,0,"['都市', '商战职场']",0,1,3,2,910000,199
704,145.0,268000,4,"['体育', '足球运动']",0,1,2,2,1190000,223
24,43.0,117400,0,"['都市', '商战职场']",0,0,0,1,120000,68
15,16.0,36300,0,"['轻小说', '原生幻想', '轻小说']",0,0,0,3,79000,27
414,40.0,138600,0,"['仙侠', '现代修真']",1,0,0,1,140000,28
21,36.0,47300,0,"['玄幻', '异世大陆']",0,0,0,1,47000,15
6,8.0,12500,0,"['仙侠', '幻想修仙']",0,0,0,4,100000,60
24,152.0,625300,0,"['仙侠', '修真文明']",0,1,3,8,2430000,920
14,151.0,40100,9,"['奇幻', '另类幻想']",0,0,0,1,40000,11
95,94.0,59700,0,"['都市', '都市异能']",0,0,0,1,60000,99
8,149.0,467700,0,"['现代言情', '婚恋情缘']",0,1,1,1,470000,125
19,16.0,58700,0,"['玄幻言情', '异世大陆']",0,0,1,2,82000,819
323,152.0,640000,5,"['仙侠', '修真文明']",0,1,1,1,640000,152
15,143.0,27300,0,"['现实生活', '家与情感']",0,0,0,1,27000,136
86,37.0,58900,0,"['浪漫青春', '青春校园']",0,0,0,1,59000,38
36,25.0,73500,0,"['奇幻', '另类幻想']",0,0,0,2,130000,40
13,146.0,15100,3,"['轻小说', '衍生同人', '轻小说']",0,0,1,2,81000,60
33,9.0,40800,0,"['玄幻', '东方玄幻']",0,0,0,1,41000,25
722,94.0,268700,0,"['游戏', '游戏系统']",0,1,1,1,270000,71
16,93.0,395700,0,"['玄幻', '东方玄幻']",1,1,1,1,400000,91
11,0.0,6225,0,"['玄幻', '东方玄幻']",0,0,1,1,6225,18
1623,113.0,367900,3,"['轻小说', '衍生同人', '轻小说']",0,1,1,1,370000,115
70,151.0,132200,0,"['诸天无限', '无限']",0,0,1,1,130000,37
3111,148.0,578300,140,"['诸天无限', '诸天']",0,1,1,1,580000,137
22,11.0,34700,0,"['游戏', '电子竞技']",0,0,0,1,35000,37
0,20.0,30099,0,"['都市', '异术超能']",0,0,1,1,30000,78
63,28.0,45700,0,"['都市', '商战职场']",0,0,0,1,46000,27
6,88.0,4018,0,"['都市', '都市生活']",0,0,0,1,4018,3
2,0.0,2015,0,"['短篇', '短故事']",1,0,0,1,2015,1
8,62.0,33500,0,"['科幻', '星际文明']",0,0,0,1,34000,4
157,23.0,65500,0,"['诸天无限', '无限']",0,0,1,1,66000,21
2,26.0,4042,0,"['科幻', '未来世界']",0,0,0,1,4042,5
2,18.0,2926,0,"['都市', '青春校园']",0,0,0,1,2926,6
0,12.0,51700,0,"['轻小说', '衍生同人', '轻小说']",1,1,1,3,550000,297
8,34.0,14600,0,"['仙侠', '幻想修仙']",0,0,0,1,15000,5
15,2.0,26400,0,"['科幻', '星际文明']",1,0,0,20,890000,245
21,16.0,16800,0,"['浪漫青春', '青春疼痛']",0,0,0,2,23000,13
0,41.0,7715,0,"['浪漫青春', '青春疼痛']",0,0,0,1,7715,3
65,56.0,91500,0,"['玄幻', '异世大陆']",0,0,0,1,92000,88
13,79.0,9114,0,"['科幻空间', '时空穿梭']",0,0,0,1,9114,6
17,152.0,114400,0,"['仙侠', '修真文明']",0,0,0,1,110000,86
6,29.0,6986,0,"['玄幻言情', '异世大陆']",0,0,0,1,6986,5
10,140.0,115100,0,"['玄幻', '东方玄幻']",0,0,0,2,130000,53
84,57.0,36300,0,"['玄幻', '高武世界']",1,0,0,1,36000,20
18,18.0,27400,0,"['仙侠', '幻想修仙']",0,0,0,1,27000,10
13,64.0,35900,0,"['仙侠', '幻想修仙', '轻小说']",0,0,0,0,0,0
273,39.0,22900,0,"['奇幻', '另类幻想']",0,0,0,1,23000,10
3012,152.0,708000,161,"['悬疑', '探险生存']",0,1,4,3,2860000,923
3,12.0,1785,0,"['玄幻', '异世大陆']",0,0,0,2,34000,17
4,147.0,16900,0,"['轻小说', '原生幻想', '轻小说']",0,0,0,2,33000,18
22,140.0,58800,0,"['玄幻', '异世大陆']",0,0,0,1,59000,21
11,70.0,208900,0,"['科幻空间', '时空穿梭']",1,1,1,1,210000,88
37,17.0,114800,0,"['轻小说', '原生幻想', '轻小说']",1,0,0,1,110000,32
16,148.0,15300,0,"['都市', '都市生活']",0,0,0,1,15000,22
22,119.0,72800,0,"['仙侠', '古典仙侠']",0,0,0,1,73000,18
15,10.0,21800,0,"['轻小说', '衍生同人', '轻小说']",0,0,0,1,22000,13
7,12.0,6495,0,"['仙侠', '现代修真']",0,0,0,1,6495,6
204500,152.0,821100,16400,"['玄幻', '东方玄幻']",0,1,5,1,820000,153
13,21.0,6208,0,"['科幻', '末世危机']",0,0,0,2,51000,9
51,31.0,79000,0,"['科幻', '未来世界']",0,0,0,1,79000,16
10,55.0,5363,0,"['玄幻', '异世大陆']",0,0,0,1,5363,5
0,8.0,8889,0,"['现代言情', '都市异能']",0,0,0,1,8889,8
9,21.0,5426,0,"['游戏', '虚拟网游']",0,0,0,1,5426,9
2,17.0,2003,0,"['现实', '青年故事']",0,0,0,1,2003,1
782,113.0,358600,4,"['悬疑', '诡秘悬疑']",0,0,0,2,420000,83
6,150.0,7030,0,"['短篇', '生活随笔']",0,0,0,2,83000,43
2,12.0,7686,0,"['短篇', '短篇小说']",0,0,0,2,130000,36
6,115.0,7597,0,"['轻小说', '其他衍生', '轻小说']",0,0,0,1,7597,13
10,38.0,26100,0,"['玄幻', '异世大陆']",0,0,0,1,26000,10
40,126.0,56500,0,"['仙侠', '神话修真']",0,0,0,1,57000,21
3,132.0,5290,0,"['仙侠', '神话修真']",0,0,0,1,5290,8
1956,152.0,680600,111,"['都市', '都市生活']",0,1,1,1,680000,167
4,43.0,4435,0,"['奇幻', '另类幻想']",0,0,0,3,27000,34
23,64.0,1101,0,"['玄幻', '异世大陆']",0,0,0,1,1101,14
353,149.0,514500,5,"['古代言情', '宫闱宅斗']",0,1,1,2,670000,222
35,119.0,84400,0,"['轻小说', '恋爱日常', '轻小说']",0,0,0,1,84000,80
69,31.0,39300,0,"['仙侠', '幻想修仙']",1,0,0,1,39000,15
1465,152.0,624800,24,"['都市', '商战职场']",0,1,1,1,620000,152
12,69.0,80399,0,"['军事', '抗战烽火']",0,0,0,1,80000,10
6751,152.0,1245100,299,"['都市', '异术超能']",0,1,3,1,1250000,174
22,15.0,38200,0,"['仙侠奇缘', '仙侣奇缘']",0,0,0,2,46000,168
10,11.0,42600,0,"['玄幻', '异世大陆']",0,0,0,3,63000,17
20,56.0,68200,0,"['现实', '人间百态']",0,0,0,1,68000,7
84,61.0,187399,0,"['轻小说', '原生幻想', '轻小说']",1,0,1,3,1150000,241
168,76.0,126300,0,"['科幻', '进化变异']",0,0,0,1,130000,36
5299,67.0,180000,0,"['悬疑', '诡秘悬疑']",0,1,3,2,1430000,359
13,45.0,10100,0,"['科幻', '未来世界']",0,0,0,1,10000,11
11,20.0,6475,0,"['科幻', '末世危机']",1,0,0,4,45000,19
8,8.0,11000,0,"['游戏', '游戏异界']",0,0,0,1,11000,8
9,127.0,19800,0,"['都市', '异术超能']",0,0,0,1,20000,11
36,30.0,66200,0,"['古代言情', '古代情缘']",0,0,0,1,66000,78
7,62.0,271000,0,"['游戏', '电子竞技']",0,1,1,2,340000,74
8,34.0,22599,0,"['都市', '都市生活']",0,0,0,1,23000,13
34,9.0,12500,0,"['玄幻', '东方玄幻']",0,0,0,1,13000,5
2,93.0,382700,0,"['科幻', '末世危机']",1,1,2,4,1720000,343
14,71.0,32599,0,"['短篇', '人物传记']",0,0,0,3,66000,33
48,34.0,18400,0,"['仙侠', '古典仙侠']",0,0,0,2,25000,46
68,22.0,126199,0,"['轻小说', '衍生同人', '轻小说']",1,0,0,2,150000,36
61,152.0,559700,4,"['古代言情', '古典架空']",0,1,1,1,560000,183
6,15.0,5707,0,"['短篇', '短篇小说']",0,0,0,1,5707,3
9,10.0,32000,0,"['玄幻', '东方玄幻']",1,0,0,1,32000,16
7,17.0,2445,0,"['玄幻', '异世大陆']",0,0,0,1,2445,3
0,81.0,1889,0,"['古代言情', '古代情缘']",0,0,0,1,1889,3
17,16.0,18700,0,"['玄幻', '东方玄幻']",0,0,0,1,19000,14
254,60.0,173400,0,"['玄幻', '高武世界']",0,0,0,1,170000,54
7,145.0,14600,0,"['奇幻', '史诗奇幻']",0,0,0,1,15000,7
4,2.0,6699,0,"['玄幻', '高武世界']",1,0,0,1,6699,3
0,10.0,24500,0,"['都市', '都市生活']",0,0,3,3,790000,203
15,11.0,14400,0,"['仙侠', '修真文明']",0,0,1,4,58000,228
18,23.0,18,0,"['仙侠', '修真文明']",0,0,0,1,18,15
10,33.0,3829,0,"['现实', '青年故事']",0,0,0,1,3829,3
25,30.0,34200,0,"['轻小说', '原生幻想', '轻小说']",0,0,0,1,34000,59
87,34.0,129400,0,"['玄幻', '异世大陆']",1,0,0,1,130000,35
2434,152.0,603700,102,"['仙侠', '修真文明']",0,1,1,1,600000,287
2,0.0,1014,0,"['都市', '都市生活']",1,0,0,1,1014,1
6,147.0,6858,0,"['短篇', '生活随笔']",0,0,0,1,6858,9
53,29.0,20299,0,"['武侠', '传统武侠']",0,0,0,2,200000,61
175,31.0,80800,0,"['历史', '秦汉三国']",1,0,0,2,130000,44
49,32.0,111100,0,"['仙侠', '修真文明']",0,0,0,2,120000,55
2,11.0,1008,0,"['玄幻', '异世大陆']",0,0,0,2,2504,4
39,14.0,2041,0,"['古代言情', '宫闱宅斗']",0,0,0,1,2041,15
25,13.0,31800,0,"['玄幻', '异世大陆']",1,0,0,1,32000,19
21,21.0,28100,0,"['古代言情', '古代情缘']",0,0,0,1,28000,25
15,21.0,48400,0,"['悬疑', '诡秘悬疑']",0,0,0,1,48000,11
54,33.0,60199,0,"['科幻', '末世危机']",0,0,0,1,60000,17
2,113.0,1258,0,"['浪漫青春', '青春校园']",0,0,0,1,1258,1
15,26.0,24200,0,"['历史', '两宋元明']",0,0,0,3,61000,13
29,115.0,64300,0,"['玄幻', '异世大陆']",0,0,0,1,64000,25
9,81.0,6259,0,"['玄幻', '异世大陆']",0,0,0,1,6259,3
17,51.0,76400,0,"['悬疑', '诡秘悬疑']",0,0,0,1,76000,36
17,51.0,76400,0,"['悬疑', '诡秘悬疑']",0,0,0,1,76000,36
26,10.0,23100,0,"['都市', '都市生活']",1,0,1,4,280000,116
4,16.0,1964,0,"['轻小说', '衍生同人', '轻小说']",0,0,0,3,19000,28
31,35.0,39700,0,"['古代言情', '古代情缘']",1,0,0,1,40000,33
18,46.0,43700,0,"['玄幻', '高武世界']",1,0,0,1,44000,12
18,10.0,18900,0,"['现代言情', '都市生活']",0,0,0,1,19000,11
10,18.0,6018,0,"['科幻', '进化变异']",0,0,0,1,6018,4
5,24.0,7816,0,"['科幻', '星际文明']",0,0,0,1,7816,25
2,0.0,2022,0,"['短篇', '短故事']",1,0,0,1,2022,1
2,132.0,3788,0,"['玄幻', '东方玄幻']",0,0,0,1,3788,1
90,25.0,12500,0,"['科幻', '未来世界']",0,0,1,1,13000,233
17,46.0,86700,0,"['玄幻', '东方玄幻']",0,0,0,1,87000,216
10200,137.0,513500,35,"['都市', '都市异能']",0,1,2,1,510000,125
18,55.0,32599,0,"['悬疑', '诡秘悬疑']",1,0,0,10,410000,88
6,40.0,4012,0,"['玄幻', '东方玄幻']",0,0,0,1,4012,2
8,53.0,6600,0,"['诸天无限', '无限']",0,0,0,2,9122,15
20,15.0,35300,0,"['悬疑推理', '奇妙世界']",0,0,0,1,35000,16
77,23.0,87800,0,"['历史', '秦汉三国']",0,0,0,7,450000,35
12,27.0,51400,0,"['都市', '都市异能']",0,0,0,1,51000,35
820,16.0,14900,0,"['历史', '秦汉三国']",1,0,1,3,85000,30
60,57.0,42600,0,"['仙侠', '古典仙侠']",0,0,0,1,43000,18
27,9.0,46700,0,"['现实', '人间百态']",0,0,0,4,140000,25
14,70.0,282400,0,"['现实', '人间百态']",1,0,0,3,1010000,263
8,116.0,25200,0,"['游戏', '游戏异界']",0,0,0,1,25000,17
4,13.0,4628,0,"['都市', '都市生活']",0,0,0,2,25000,24
8,122.0,16600,0,"['玄幻', '东方玄幻']",0,0,0,1,17000,6
2,48.0,6027,0,"['科幻', '星际文明']",0,0,0,1,6027,5
31,66.0,355700,0,"['玄幻', '异世大陆']",0,0,0,1,360000,67
32,28.0,43000,0,"['奇幻', '史诗奇幻']",1,0,0,1,43000,18
318,42.0,105500,9,"['玄幻', '东方玄幻']",1,0,0,1,110000,41
26,21.0,23500,0,"['短篇', '生活随笔']",0,0,0,1,24000,12
2,0.0,1657,0,"['轻小说', '衍生同人', '轻小说']",1,0,1,4,1300000,498
2,70.0,2091,0,"['都市', '异术超能']",0,0,0,2,4185,2
12,118.0,197600,0,"['玄幻', '东方玄幻']",0,0,0,1,200000,17
2,73.0,2165,0,"['短篇', '生活随笔']",0,0,0,2,8343,10
4,153.0,138700,1,"['诸天无限', '诸天']",0,1,1,3,220000,81
3927,152.0,750600,64,"['轻小说', '衍生同人', '轻小说']",0,1,1,1,750000,156
2,0.0,3828,0,"['科幻', '末世危机']",0,0,0,0,0,1
4,0.0,8496,0,"['都市', '都市异能']",0,0,0,0,0,0
23,16.0,41700,0,"['玄幻', '东方玄幻']",0,0,0,3,100000,10
10,23.0,8120,0,"['科幻', '超级科技']",0,0,0,1,8120,4
2,0.0,2801,0,"['现代言情', '都市生活']",0,0,0,0,0,3
2,0.0,1754,0,"['武侠', '传统武侠']",0,0,0,0,0,1
14,31.0,25700,0,"['轻小说', '原生幻想', '轻小说']",0,0,0,0,0,0
2,0.0,8689,0,"['短篇', '短故事']",1,0,0,4,180000,40
8,0.0,15000,0,"['浪漫青春', '青春校园']",0,0,0,0,0,6
30,16.0,126700,0,"['科幻', '进化变异']",0,0,0,1,130000,16
2,0.0,2031,0,"['诸天无限', '诸天']",0,0,0,0,0,1
5,0.0,4047,0,"['现实', '人间百态']",0,0,0,0,0,3
3,0.0,8806,0,"['玄幻', '高武世界']",0,0,0,0,0,9
2,9.0,5331,0,"['玄幻', '异世大陆']",0,0,0,1,5331,39
2,0.0,2306,0,"['科幻', '末世危机']",0,0,0,0,0,1
2,0.0,1018,0,"['现代言情', '婚恋情缘']",0,0,0,0,0,2
6,94.0,15400,0,"['玄幻', '异世大陆']",0,0,0,1,15000,5
21,0.0,26300,0,"['都市', '都市生活']",0,0,0,0,0,208
2,0.0,4017,0,"['现实生活', '家与情感']",0,0,0,0,0,2
2,0.0,1078,0,"['现代言情', '都市生活']",0,0,0,1,1149,64
9,146.0,16100,0,"['武侠', '武侠幻想']",0,0,0,2,24000,8
22,0.0,31400,0,"['玄幻', '东方玄幻']",0,0,0,0,0,24
25,61.0,46800,0,"['科幻', '超级科技']",0,0,0,1,47000,25
6,147.0,15200,2,"['奇幻', '剑与魔法']",0,0,0,1,15000,6
0,0.0,101400,0,"['奇幻', '史诗奇幻']",1,0,0,1,55000,13
33,36.0,139900,0,"['仙侠', '幻想修仙']",0,0,0,2,190000,111
979,113.0,356000,1,"['历史', '两晋隋唐']",0,1,1,1,360000,113
890,152.0,498200,36,"['历史', '架空历史']",0,0,0,4,3060000,557
834,11.0,25500,0,"['玄幻', '东方玄幻']",0,0,0,1,26000,12
2,0.0,2034,0,"['都市', '异术超能']",0,0,0,0,0,26
362,131.0,45500,0,"['仙侠', '古典仙侠']",0,0,0,1,46000,17
1960,152.0,795900,55,"['诸天无限', '无限']",0,1,1,1,800000,151
31,147.0,39000,0,"['都市', '异术超能']",0,0,0,1,39000,24
4,9.0,2999,0,"['都市', '都市生活']",0,0,0,7,140000,142
2,18.0,1759,0,"['奇幻', '另类幻想', '轻小说']",0,0,0,1,1759,1
2,97.0,14800,0,"['现实', '人间百态']",1,0,0,2,22000,2
2,0.0,4455,0,"['都市', '都市生活']",0,0,0,0,0,1
2,0.0,2959,0,"['玄幻言情', '异世大陆']",0,0,0,0,0,2
25,33.0,35700,0,"['都市', '都市异能']",0,0,0,1,36000,94
1014,150.0,176700,1,"['都市', '都市异能']",0,0,0,1,180000,56
20,33.0,24800,0,"['都市', '都市生活']",0,0,0,1,25000,17
8,0.0,8777,0,"['都市', '异术超能']",0,0,0,0,0,4
12,27.0,22700,0,"['玄幻言情', '东方玄幻']",0,0,0,1,23000,21
5,0.0,6536,0,"['浪漫青春', '叛逆成长']",0,0,0,0,0,5
67,28.0,136700,0,"['科幻', '末世危机']",0,0,0,1,140000,95
3,0.0,9921,0,"['科幻', '超级科技']",0,0,0,0,0,2
1,151.0,1522,1,"['浪漫青春', '青春校园']",0,0,0,1,1522,19
8,124.0,18600,0,"['奇幻', '现代魔法']",0,0,0,1,19000,8
22,24.0,37200,0,"['轻小说', '恋爱日常', '轻小说']",0,0,0,1,37000,20
2,0.0,3032,0,"['科幻', '末世危机']",0,0,0,0,0,1
54,21.0,82700,0,"['仙侠', '幻想修仙']",0,0,0,1,83000,26
22,14.0,29400,0,"['轻小说', '衍生同人', '轻小说']",0,0,0,1,29000,12
1034,152.0,596000,74,"['诸天无限', '无限']",0,1,1,1,600000,143
30,0.0,8315,0,"['轻小说', '衍生同人', '轻小说']",1,0,0,1,100000,60
0,0.0,14900,0,"['都市', '娱乐明星']",0,0,2,1,250000,1174
2,0.0,2008,0,"['都市', '青春校园']",0,0,0,0,0,1
13,115.0,23200,0,"['奇幻', '剑与魔法']",0,0,0,2,36000,12
55,36.0,39600,0,"['玄幻', '东方玄幻']",0,0,0,1,40000,18
4,153.0,9462,0,"['玄幻', '东方玄幻']",0,0,0,1,9462,3
7,108.0,12900,0,"['玄幻', '东方玄幻']",0,0,0,1,13000,6
2,22.0,2443,0,"['仙侠', '幻想修仙']",0,0,0,2,34000,23
3,0.0,2426,0,"['武侠', '传统武侠']",0,0,0,0,0,2
34,91.0,100200,0,"['科幻', '进化变异']",0,0,0,1,100000,42
2,0.0,1903,0,"['都市', '都市生活']",0,0,0,0,0,1
418,60.0,249000,0,"['轻小说', '衍生同人', '轻小说']",0,1,1,1,250000,56
11,26.0,70100,0,"['玄幻', '异世大陆', '轻小说']",0,0,0,2,87000,31
8,0.0,10100,0,"['玄幻言情', '异世大陆']",1,0,0,0,0,6
13,13.0,14500,0,"['悬疑', '诡秘悬疑']",0,0,0,1,15000,7
20,0.0,7134,0,"['轻小说', '衍生同人', '轻小说']",0,0,0,0,0,2
3,75.0,4387,0,"['奇幻', '另类幻想']",0,0,0,2,6416,3
8,33.0,21500,0,"['古代言情', '古典架空']",0,0,0,1,22000,6
2,0.0,1393,0,"['现实', '家庭伦理']",0,0,0,0,0,2
2,25.0,2405,0,"['轻小说', '衍生同人', '轻小说']",0,0,0,3,19000,6
30,35.0,23200,0,"['科幻', '末世危机']",0,0,0,1,23000,12
2,0.0,4209,0,"['科幻', '末世危机']",0,0,0,0,0,11
110,153.0,102200,26,"['诸天无限', '诸天']",0,0,2,2,1420000,237
56,61.0,28600,0,"['悬疑', '侦探推理']",0,0,0,2,150000,44
9,139.0,14400,0,"['科幻空间', '末世危机']",0,0,0,1,14000,4
2,0.0,2035,0,"['玄幻言情', '东方玄幻']",0,0,0,1,37000,16
5,0.0,6,0,"['科幻', '进化变异']",0,0,0,0,0,6
29,17.0,26400,0,"['科幻空间', '时空穿梭']",0,0,0,1,26000,16
2,0.0,2034,0,"['浪漫青春', '青春纯爱']",0,0,0,0,0,1
20,7.0,1,0,"['仙侠', '修真文明']",1,0,0,2,2,25
19,15.0,22700,0,"['轻小说', '原生幻想', '轻小说']",0,0,0,1,23000,10
3,49.0,4164,0,"['玄幻', '东方玄幻']",0,0,0,1,4164,2
4,31.0,4218,0,"['科幻', '古武机甲']",0,0,0,1,4218,2
2,0.0,2067,0,"['玄幻', '异世大陆']",0,0,0,0,0,1
9,56.0,18200,0,"['轻小说', '原生幻想', '轻小说']",0,0,0,1,18000,51
5,26.0,5137,0,"['奇幻', '另类幻想']",1,0,0,1,5137,9
96,15.0,47500,0,"['科幻', '进化变异']",0,0,0,1,48000,31
3,136.0,16299,0,"['轻小说', '衍生同人', '轻小说']",0,0,0,1,16000,5
2,0.0,2284,0,"['奇幻', '另类幻想']",0,0,0,0,0,17
2,0.0,1330,0,"['科幻空间', '末世危机']",0,0,0,0,0,3
277,13.0,8789,0,"['奇幻', '神秘幻想']",0,0,0,1,8789,4
0,0.0,1044,0,"['现实生活', '家与情感']",0,0,0,0,0,1
4,0.0,4209,0,"['游戏', '电子竞技']",0,0,0,1,10000,25
2,35.0,2188,0,"['轻小说', '原生幻想', '轻小说']",0,0,0,1,2188,1
81,20.0,33900,0,"['悬疑', '诡秘悬疑']",0,0,1,5,330000,135
27,15.0,33500,0,"['轻小说', '搞笑吐槽', '轻小说']",0,0,0,2,77000,57
32,0.0,17000,0,"['玄幻', '东方玄幻']",0,0,0,0,0,6
10,0.0,14000,0,"['轻小说', '影视衍生', '轻小说']",0,0,0,0,0,0
11,0.0,14000,0,"['现代言情', '都市生活']",0,0,0,0,0,0
3,43.0,5090,0,"['诸天无限', '无限']",0,0,0,1,5090,6
24,14.0,34700,0,"['玄幻', '异世大陆']",0,0,0,1,35000,12
4,0.0,7413,0,"['玄幻', '异世大陆']",0,0,0,0,0,41
2,0.0,1002,0,"['短篇', '生活随笔']",0,0,0,0,0,1
3,0.0,3296,0,"['现实', '人间百态']",0,0,0,0,0,8
2,0.0,1088,0,"['玄幻', '东方玄幻']",0,0,0,0,0,1
28,32.0,81800,0,"['玄幻', '高武世界']",0,0,0,6,210000,117
34,61.0,88800,0,"['悬疑', '诡秘悬疑']",0,0,0,1,89000,25
1,151.0,1707,0,"['古代言情', '古典架空']",0,0,0,1,1707,13
3,0.0,8209,0,"['科幻', '末世危机']",0,0,0,0,0,3
14,79.0,28100,0,"['科幻', '末世危机']",0,0,0,2,50000,14
2,0.0,1097,0,"['短篇', '短篇小说', '轻小说']",0,0,0,0,0,8
6,0.0,8504,0,"['现实', '人间百态']",0,0,0,0,0,4
54,35.0,49900,0,"['科幻', '未来世界']",0,0,0,1,50000,29
8,0.0,10600,0,"['现实', '时代叙事']",0,0,0,0,0,3
3,0.0,6295,0,"['玄幻', '高武世界']",0,0,0,0,0,31
4,0.0,8829,0,"['仙侠', '幻想修仙']",0,0,0,0,0,2
2,0.0,1009,0,"['短篇', '生活随笔']",0,0,0,0,0,1
6,0.0,7181,0,"['玄幻', '东方玄幻']",0,0,0,0,0,0
58,12.0,6024,0,"['都市', '商战职场']",0,0,0,1,6024,5
3,0.0,6040,0,"['奇幻', '神秘幻想']",0,0,0,1,57000,193
16,15.0,19500,0,"['历史', '两宋元明']",0,0,0,1,20000,6
204,153.0,318400,0,"['都市', '娱乐明星']",0,0,1,1,320000,346
32,0.0,29500,0,"['轻小说', '原生幻想', '轻小说']",0,0,0,0,0,0
19,9.0,32800,0,"['古代言情', '经商种田']",0,0,0,1,33000,4
2,0.0,1037,0,"['玄幻', '异世大陆']",0,0,0,0,0,2
56,26.0,117300,0,"['轻小说', '衍生同人', '轻小说']",0,0,1,1,120000,26
45,30.0,85300,0,"['都市', '都市生活']",0,0,0,1,85000,30
56,42.0,78000,0,"['玄幻', '异世大陆']",1,0,0,2,110000,57
2,0.0,687,0,"['短篇', '短故事']",0,0,0,0,0,2
64,87.0,59600,0,"['武侠', '武侠幻想']",0,0,0,1,60000,25
1869,58.0,296100,0,"['都市', '都市生活']",1,1,3,1,300000,334
29,34.0,39400,0,"['奇幻', '神秘幻想']",0,0,0,1,39000,15
47,13.0,8738,0,"['轻小说', '原生幻想', '轻小说']",0,0,0,1,8738,40
465,94.0,352200,0,"['科幻', '星际文明']",1,1,1,2,520000,145
11,29.0,9787,0,"['轻小说', '衍生同人', '轻小说']",0,0,1,2,56000,31
0,7.0,37100,0,"['诸天无限', '无限']",0,0,1,1,37000,7
2,45.0,6451,0,"['都市', '商战职场']",0,0,0,1,6451,2
0,0.0,24600,0,"['古代言情', '古典架空']",1,0,0,0,0,6
2,0.0,1062,0,"['仙侠', '幻想修仙']",0,0,0,0,0,0
4361,153.0,892000,1,"['仙侠', '修真文明']",0,1,3,1,890000,167
5732,153.0,830900,3,"['仙侠', '古典仙侠']",0,1,3,1,830000,153
10,24.0,30299,0,"['都市', '都市异能']",0,0,0,1,30000,9
2,0.0,2030,0,"['玄幻', '东方玄幻']",0,0,0,1,37000,12
10,24.0,25700,0,"['短篇', '生活随笔']",0,0,0,1,26000,9
61,17.0,36000,0,"['科幻', '进化变异']",0,0,0,1,36000,12
13,111.0,21300,0,"['科幻', '进化变异']",0,0,0,2,28000,16
1210,153.0,451700,0,"['历史', '两晋隋唐']",0,1,1,1,450000,142
39,16.0,10000,0,"['轻小说', '恋爱日常', '轻小说']",0,0,0,1,10000,5
5,111.0,20099,0,"['科幻', '星际文明']",0,0,0,1,20000,7
5,0.0,1040,0,"['仙侠', '修真文明']",0,0,0,0,0,1
2,103.0,1823,0,"['仙侠', '古典仙侠']",0,0,0,0,0,1
31,33.0,34900,0,"['现代言情', '都市生活']",0,0,0,2,36000,17
82,23.0,129100,0,"['玄幻', '东方玄幻']",0,0,0,1,130000,23
97,33.0,104500,0,"['都市', '都市生活']",0,0,0,1,100000,72
4,0.0,6819,0,"['历史', '架空历史']",0,0,0,5,71000,19
9,10.0,3864,0,"['现实', '女性题材']",0,0,0,1,3864,3
14,0.0,27700,0,"['仙侠', '幻想修仙']",1,0,0,0,0,6
22,82.0,31900,0,"['玄幻', '东方玄幻']",0,0,0,1,32000,37
10,38.0,14800,0,"['短篇', '生活随笔']",0,0,0,1,15000,10
3,18.0,2173,0,"['游戏', '游戏异界']",0,0,0,1,2173,2
93,75.0,41300,0,"['都市', '娱乐明星']",0,0,0,2,66000,32
7,9.0,4064,0,"['玄幻', '东方玄幻']",0,0,0,1,4064,3
13,0.0,29200,0,"['玄幻', '高武世界']",0,0,1,1,190000,70
22,11.0,16500,0,"['游戏', '游戏异界']",0,0,0,5,76000,31
13,23.0,21300,0,"['浪漫青春', '青春校园']",0,0,0,1,21000,44
13200,153.0,684700,22,"['历史', '架空历史']",0,1,5,6,8820000,4307
2,0.0,1075,0,"['浪漫青春', '青春疼痛']",0,0,0,0,0,1
48,16.0,69200,0,"['都市', '都市生活']",0,0,0,1,69000,75
0,50.0,40500,0,"['现实生活', '行业人生']",1,0,0,1,41000,19
3,0.0,6202,0,"['武侠', '武侠幻想']",0,0,0,1,100000,29
3182,153.0,594100,11,"['轻小说', '恋爱日常', '轻小说']",0,1,1,2,830000,144
1821,153.0,1299100,0,"['军事', '战争幻想']",0,1,1,1,1300000,152
2,10.0,1681,0,"['科幻', '未来世界']",0,0,0,1,1681,4
0,24.0,113400,0,"['玄幻', '东方玄幻']",0,1,1,6,640000,119
18,17.0,13500,0,"['短篇', '短篇小说']",0,0,0,5,980000,765
20,30.0,117300,0,"['玄幻', '异世大陆']",1,0,1,2,160000,70
8275,154.0,940400,9,"['科幻', '时空穿梭']",0,1,3,1,940000,177
2,0.0,4400,0,"['科幻', '未来世界']",0,0,0,0,0,3
27,9.0,33300,0,"['游戏', '游戏异界']",0,0,0,1,33000,12
10,6.0,20600,0,"['仙侠', '修真文明']",1,0,0,1,21000,5
2,21.0,1737,0,"['都市', '异术超能']",0,0,0,1,1737,1
19,3.0,10400,0,"['武侠', '武侠幻想']",1,0,0,3,68000,38
95,30.0,56300,0,"['科幻', '末世危机']",0,0,0,1,56000,45
2,0.0,4128,0,"['玄幻言情', '异族恋情']",0,0,0,0,0,2
16,8.0,31900,0,"['玄幻', '异世大陆']",0,0,0,1,32000,12
23,0.0,29300,0,"['都市', '都市生活']",0,0,0,0,0,12
34,14.0,58700,0,"['科幻', '未来世界']",0,0,0,1,59000,71
600,153.0,137600,0,"['诸天无限', '诸天']",0,0,1,3,200000,114
11,0.0,23000,0,"['悬疑', '探险生存']",0,0,0,0,0,1
11,84.0,10900,0,"['短篇', '短故事']",0,0,0,1,11000,44
5711,154.0,1333800,2,"['游戏', '游戏异界']",0,1,3,2,2030000,314
40,34.0,143400,0,"['轻小说', '衍生同人', '轻小说']",1,1,1,2,660000,152
1,9.0,43500,0,"['都市', '异术超能']",1,0,1,2,84000,19
4187,152.0,586000,0,"['武侠', '武侠同人']",0,1,1,1,590000,151
49,33.0,118800,0,"['玄幻', '异世大陆']",0,0,0,1,120000,30
26,16.0,51300,0,"['都市', '都市生活']",0,0,0,1,51000,15
27,5.0,10500,0,"['轻小说', '原生幻想', '轻小说']",0,0,0,2,26000,111
5,5.0,7599,0,"['短篇', '短篇小说']",1,0,0,3,43000,32
21,46.0,75200,0,"['武侠', '武侠幻想']",0,0,0,1,75000,18
1016,153.0,597300,0,"['玄幻', '东方玄幻']",0,1,1,1,600000,148
30,35.0,40500,0,"['武侠', '传统武侠']",0,0,0,1,41000,17
9,46.0,14300,0,"['都市', '都市生活']",0,0,0,1,14000,17
10,24.0,26500,0,"['科幻', '进化变异']",1,0,0,1,27000,26
14,24.0,12500,0,"['玄幻言情', '异能超术']",0,0,0,1,13000,9
2,0.0,4302,0,"['现实生活', '家与情感']",0,0,0,0,0,1
17,48.0,137500,0,"['轻小说', '衍生同人', '轻小说']",1,1,1,2,590000,153
44,126.0,75700,0,"['玄幻言情', '东方玄幻']",0,0,0,1,76000,22
5,20.0,8316,0,"['玄幻', '异世大陆']",0,0,0,1,8316,5
2,0.0,2179,0,"['现实', '人间百态', '轻小说']",0,0,0,0,0,2
10,59.0,7829,0,"['现代言情', '都市生活']",0,0,0,1,7829,13
30,24.0,42699,0,"['都市', '都市异能']",0,0,1,3,150000,71
2,0.0,2271,0,"['轻小说', '衍生同人', '轻小说']",0,0,1,5,43000,80
180,142.0,270300,0,"['古代言情', '热血江湖']",0,0,0,1,270000,83
0,31.0,63099,0,"['轻小说', '衍生同人', '轻小说']",1,1,2,5,1150000,231
13,32.0,98100,0,"['都市', '异术超能']",0,1,1,4,400000,100
28,152.0,166000,0,"['玄幻', '王朝争霸']",0,0,0,1,170000,68
5,0.0,10700,0,"['历史', '两宋元明']",0,0,0,0,0,2
0,0.0,8213,0,"['科幻空间', '末世危机']",0,0,0,0,0,39
12,9.0,12900,0,"['短篇', '短故事']",0,0,0,1,13000,9
45,48.0,159800,0,"['历史', '架空历史']",0,0,0,3,450000,85
2,0.0,3591,0,"['历史', '秦汉三国']",0,0,0,0,0,3
51,88.0,346000,0,"['科幻', '进化变异']",0,0,0,1,350000,189
7,27.0,15600,0,"['玄幻', '东方玄幻']",0,0,0,1,16000,5
7,8.0,8921,0,"['科幻', '进化变异']",0,0,1,2,24000,40
2,0.0,2411,0,"['都市', '异术超能']",0,0,0,0,0,1
2,1.0,2122,0,"['科幻', '星际文明']",1,0,0,1,2122,11
9,59.0,20600,0,"['轻小说', '衍生同人', '轻小说']",0,0,0,1,21000,9
17,50.0,136000,0,"['玄幻', '异世大陆']",0,0,0,1,140000,18
7218,152.0,114700,0,"['武侠', '传统武侠']",0,0,0,1,110000,45
86,153.0,405200,0,"['玄幻', '东方玄幻']",0,0,0,1,410000,87
3,0.0,5103,0,"['科幻', '未来世界']",0,0,0,1,23000,13
186,77.0,102400,0,"['军事', '军旅生涯']",0,0,0,1,100000,28
2,1.0,10200,0,"['科幻空间', '超级科技']",1,0,0,6,48000,4
45,14.0,68300,0,"['都市', '青春校园']",0,0,0,1,68000,14
2,0.0,1861,0,"['玄幻', '东方玄幻']",0,0,0,0,0,1
56,79.0,78600,0,"['玄幻', '东方玄幻', '轻小说']",0,0,0,1,79000,42
5,145.0,5712,0,"['现实', '人间百态']",0,0,0,1,5712,4
678,140.0,317000,0,"['诸天无限', '无限']",0,0,1,2,360000,80
23,0.0,15300,0,"['诸天无限', '诸天']",0,0,0,0,0,9
43099,153.0,727600,105,"['轻小说', '衍生同人', '轻小说']",0,1,5,1,730000,143
23800,152.0,711900,8,"['诸天无限', '诸天']",0,1,4,3,4660000,1450
5,3.0,8648,0,"['都市', '都市生活']",1,0,0,1,8648,5
112,5.0,42100,0,"['都市', '娱乐明星']",1,0,1,6,350000,106
40,152.0,117400,0,"['科幻', '末世危机']",0,0,1,1,120000,170
43,0.0,14500,0,"['仙侠', '幻想修仙']",0,0,0,0,0,0
2,0.0,1001,0,"['浪漫青春', '青春纯爱']",0,0,0,0,0,1
2,125.0,3418,0,"['都市', '都市生活']",0,0,0,1,3418,21
159,153.0,552200,0,"['历史', '架空历史']",0,0,0,1,550000,222
21800,153.0,991600,5,"['都市', '都市异能']",0,1,5,13,13670000,2261
8,0.0,9562,0,"['玄幻', '异世大陆']",0,0,0,0,0,5
140,50.0,194100,0,"['轻小说', '衍生同人', '轻小说']",0,0,0,1,190000,48
2,0.0,2270,0,"['玄幻言情', '异世大陆']",0,0,0,0,0,21
2,0.0,2097,0,"['轻小说', '原生幻想', '轻小说']",0,0,0,3,36000,129
20,25.0,94400,0,"['游戏', '电子竞技']",0,1,1,1,94000,38
13,0.0,20099,0,"['玄幻', '东方玄幻']",0,0,0,1,21000,19
5,22.0,6695,0,"['轻小说', '原生幻想', '轻小说']",0,0,0,1,6695,5
2,0.0,1807,0,"['玄幻', '东方玄幻']",0,0,0,0,0,1
4,0.0,5728,0,"['科幻', '时空穿梭']",0,0,0,0,0,10
13,9.0,9633,0,"['轻小说', '原生幻想', '轻小说']",0,0,0,0,0,0
34,22.0,45900,0,"['都市', '都市生活']",0,0,0,1,46000,11
110,85.0,230000,0,"['玄幻', '东方玄幻']",1,0,0,2,370000,83
28,16.0,52400,0,"['仙侠', '幻想修仙']",0,0,0,1,52000,15
2,0.0,8643,0,"['都市', '都市生活']",0,0,0,0,0,100
29,47.0,19700,0,"['都市', '异术超能']",0,0,0,1,20000,8
10,0.0,16299,0,"['现代言情', '都市生活']",0,0,0,0,0,8
15,87.0,260400,0,"['现代言情', '豪门世家']",0,1,1,1,260000,68
14,0.0,18000,0,"['科幻', '时空穿梭']",0,0,0,0,0,8
41,0.0,42600,0,"['玄幻', '东方玄幻']",0,0,0,1,36000,14
140,30.0,52100,0,"['古代言情', '古典架空']",0,0,0,1,52000,38
2,70.0,1002,0,"['现实', '青年故事']",0,0,0,1,1002,2
3,0.0,7076,0,"['仙侠', '修真文明']",0,0,0,0,0,10
77,69.0,103699,0,"['悬疑', '诡秘悬疑']",0,0,0,3,240000,99
2,0.0,1141,0,"['武侠', '国术无双']",0,0,0,0,0,1
18,43.0,13500,0,"['玄幻', '异世大陆']",0,0,0,2,15000,5
143,14.0,111600,0,"['都市', '都市生活']",0,0,0,1,110000,34
6,11.0,7417,0,"['轻小说', '衍生同人', '轻小说']",0,0,0,1,7417,9
7,8.0,18500,0,"['玄幻', '东方玄幻']",0,0,0,1,19000,5
10,19.0,16800,0,"['玄幻', '东方玄幻']",0,0,0,1,17000,12
7,0.0,9072,0,"['浪漫青春', '青春疼痛']",0,0,0,0,0,4
0,0.0,3900,0,"['现实生活', '行业人生']",0,0,0,0,0,1
3,81.0,10100,0,"['武侠', '武侠幻想']",0,0,0,1,10000,5
3,0.0,19500,0,"['历史', '架空历史']",0,0,0,0,0,2
14,146.0,618500,0,"['游戏', '电子竞技']",0,1,1,2,760000,155
1,0.0,5783,0,"['都市', '都市生活']",0,0,0,0,0,23
6,0.0,4762,0,"['奇幻', '史诗奇幻']",0,0,0,0,0,2
2,0.0,1010,0,"['仙侠', '现代修真']",0,0,0,0,0,11
2,0.0,1574,0,"['现实生活', '家与情感']",0,0,0,0,0,1
2,0.0,1294,0,"['现代言情', '都市生活']",0,0,0,0,0,10
159,29.0,102700,0,"['都市', '商战职场']",0,0,0,2,170000,45
2,0.0,1100,0,"['玄幻', '异世大陆']",0,0,0,0,0,1
2,0.0,3052,0,"['悬疑', '诡秘悬疑']",0,0,0,0,0,1
67,25.0,94300,0,"['玄幻', '东方玄幻']",0,0,1,1,94000,24
10,78.0,9573,0,"['科幻', '超级科技']",0,0,0,2,17000,33
0,17.0,83699,0,"['都市', '都市异能']",1,1,1,1,84000,160
46,34.0,131000,0,"['轻小说', '衍生同人', '轻小说']",0,1,1,2,540000,136
3,8.0,6123,0,"['科幻空间', '时空穿梭', '轻小说']",0,0,0,0,0,0
10,18.0,30800,0,"['武侠', '传统武侠']",0,0,0,1,31000,8
2,1.0,2034,0,"['现实生活', '家与情感']",0,0,0,1,2034,11
0,7.0,32300,0,"['都市', '都市异能']",0,0,1,1,32000,39
6,0.0,5117,0,"['科幻', '末世危机']",0,0,0,0,0,3
2,0.0,2632,0,"['玄幻', '东方玄幻']",0,0,1,2,33000,23
31,14.0,50500,0,"['悬疑', '诡秘悬疑']",1,0,0,1,51000,15
96,68.0,44600,0,"['轻小说', '恋爱日常', '轻小说']",0,0,0,1,45000,19
124,50.0,34100,0,"['军事', '谍战特工']",0,0,0,1,34000,14
8,9.0,26400,0,"['都市', '异术超能']",1,0,0,4,170000,36
17,13.0,13,0,"['奇幻', '剑与魔法']",0,0,0,2,2331,14
3,0.0,2242,0,"['现代言情', '婚恋情缘']",0,0,0,0,0,5
16100,153.0,634900,50,"['轻小说', '衍生同人', '轻小说']",0,1,3,1,630000,152
32,0.0,35200,0,"['诸天无限', '诸天']",0,0,0,0,0,4
499,151.0,259100,0,"['科幻', '星际文明']",0,0,0,5,2920000,1120
0,19.0,65100,0,"['都市', '都市生活']",0,0,1,2,180000,47
2,4.0,6357,0,"['短篇', '短篇小说']",1,0,0,2,19000,9
49,0.0,14500,0,"['仙侠', '幻想修仙']",0,0,0,2,29000,27
14,33.0,59500,0,"['轻小说', '原生幻想', '轻小说']",0,0,0,1,60000,15
47,11.0,19200,0,"['奇幻', '神秘幻想']",0,0,1,3,96000,45
3,130.0,2764,0,"['轻小说', '原生幻想', '轻小说']",0,0,0,1,2764,17
33,56.0,105200,0,"['古代言情', '穿越奇情']",0,0,0,1,110000,54
9,0.0,19300,0,"['武侠', '古武未来']",1,0,0,0,0,47
3,0.0,2882,0,"['玄幻', '东方玄幻']",0,0,0,0,0,2
4,15.0,3835,0,"['历史', '外国历史']",0,0,0,2,5617,3
156,23.0,100200,0,"['诸天无限', '诸天']",1,0,1,1,100000,23
6,92.0,12600,0,"['悬疑', '诡秘悬疑']",0,0,0,1,13000,42
2,0.0,4164,0,"['科幻', '星际文明']",0,0,0,0,0,11
9,35.0,33900,0,"['都市', '都市异能']",0,0,0,1,34000,10
66,7.0,20500,0,"['都市', '娱乐明星']",0,0,3,3,910000,252
56,36.0,70,0,"['都市', '异术超能']",0,0,0,2,11000,24
20,63.0,84100,0,"['奇幻', '历史神话']",1,0,0,15,1240000,371
6,21.0,20800,0,"['轻小说', '恋爱日常', '轻小说']",0,0,0,1,21000,5
2,1.0,3789,0,"['奇幻', '另类幻想']",0,0,0,1,3789,0
39,22.0,39000,0,"['轻小说', '衍生同人', '轻小说']",1,0,0,1,39000,43
6,10.0,6455,0,"['仙侠', '古典仙侠']",0,0,0,1,6455,4
13,55.0,14600,0,"['科幻', '未来世界']",0,0,0,11,170000,161
145,84.0,318200,0,"['现代言情', '都市生活']",1,0,0,2,440000,89
46,42.0,142800,0,"['现实生活', '探索科幻']",1,0,0,1,140000,29
24,21.0,70200,0,"['玄幻', '异世大陆']",0,0,0,4,460000,67
11,0.0,7168,0,"['现实', '时代叙事']",1,0,0,0,0,6
3,0.0,4822,0,"['悬疑', '诡秘悬疑']",0,0,0,0,0,2
328,80.0,92300,0,"['游戏', '游戏异界']",0,0,0,1,92000,33
16,85.0,32400,0,"['武侠', '传统武侠']",0,0,0,1,32000,37
32,31.0,39000,0,"['玄幻言情', '异能超术']",0,0,0,2,91000,45
241,145.0,666300,0,"['游戏', '游戏系统']",0,1,1,1,670000,161
2,0.0,1344,0,"['现实', '时代叙事']",0,0,0,1,13000,9
2,0.0,1342,0,"['短篇', '短故事']",0,0,0,0,0,2
1478,34.0,130800,0,"['历史', '架空历史']",1,0,4,6,3550000,626
150,41.0,56300,0,"['玄幻', '异世大陆']",1,0,0,1,56000,30
3,0.0,12600,0,"['仙侠', '修真文明']",0,0,0,2,19000,10
2,0.0,2077,0,"['仙侠', '古典仙侠']",0,0,0,0,0,1
4,0.0,2016,0,"['玄幻', '东方玄幻']",0,0,0,0,0,1
29,40.0,307400,0,"['浪漫青春', '青春校园']",1,0,0,1,310000,35
6,32.0,7350,0,"['游戏', '电子竞技']",0,0,0,1,7350,4
2,0.0,1597,0,"['现实生活', '家与情感']",0,0,0,0,0,2
2,0.0,1005,0,"['现代言情', '都市生活']",0,0,0,0,0,1
7,97.0,13400,0,"['科幻空间', '未来世界']",0,0,0,1,13000,6
2248,153.0,890200,2,"['诸天无限', '综漫']",0,1,2,3,3030000,765
3,3.0,14700,0,"['玄幻', '东方玄幻']",1,0,0,1,15000,7
3,3.0,6254,0,"['都市', '都市生活']",1,0,0,15,180000,82
3,0.0,22300,0,"['轻小说', '原生幻想', '轻小说']",0,0,0,0,0,3
2,0.0,2581,0,"['短篇', '影视剧本']",0,0,0,0,0,108
0,0.0,2535,0,"['科幻空间', '未来世界']",0,0,0,0,0,1
16,39.0,14000,0,"['历史', '架空历史']",0,0,0,1,14000,13
1,151.0,1979,0,"['轻小说', '原生幻想', '轻小说']",0,0,0,1,1979,2
45,81.0,156400,0,"['奇幻', '另类幻想']",0,0,0,1,160000,53
10,102.0,22500,0,"['游戏', '游戏异界']",0,0,0,1,23000,9
1,31.0,136800,0,"['轻小说', '衍生同人', '轻小说']",1,1,1,1,140000,31
9,0.0,20700,0,"['轻小说', '原生幻想', '轻小说']",0,0,0,0,0,0
35,28.0,90000,0,"['玄幻', '异世大陆']",0,0,0,1,90000,28
3,0.0,4009,0,"['玄幻', '东方玄幻']",0,0,0,0,0,0
2,33.0,4222,0,"['短篇', '生活随笔']",0,0,0,1,4222,3
6,15.0,14700,0,"['玄幻', '东方玄幻']",1,0,0,1,15000,4
4,0.0,4754,0,"['历史', '架空历史']",0,0,0,0,0,3
1643,117.0,769000,0,"['诸天无限', '诸天']",1,1,1,3,1400000,370
50,22.0,96100,0,"['都市', '都市生活']",0,0,0,1,96000,82
10,0.0,17300,0,"['玄幻', '东方玄幻']",0,0,0,0,0,9
125,153.0,607100,0,"['仙侠', '幻想修仙']",0,1,1,1,610000,215
17,11.0,21200,0,"['玄幻', '东方玄幻']",0,0,0,3,38000,25
474,105.0,358200,0,"['仙侠', '修真文明']",1,1,1,2,530000,129
22,9.0,34200,0,"['轻小说', '原生幻想', '轻小说']",0,0,1,2,250000,64
7,10.0,18000,0,"['奇幻', '另类幻想']",0,0,0,1,18000,8
50,26.0,32599,0,"['都市', '异术超能']",0,0,0,1,33000,14
20,32.0,41300,0,"['玄幻', '东方玄幻']",0,0,0,1,41000,11
8,0.0,2196,0,"['诸天无限', '诸天']",0,0,0,0,0,0
66,59.0,167600,0,"['都市', '娱乐明星']",0,0,0,2,300000,100
2871,153.0,432700,0,"['诸天无限', '诸天']",0,1,1,1,430000,108
34,0.0,54700,0,"['奇幻', '剑与魔法']",0,0,0,0,0,7
11,0.0,22200,0,"['历史', '架空历史']",1,0,0,0,0,6
147,39.0,25,0,"['轻小说', '原生幻想', '轻小说']",0,0,0,0,0,0
2421,94.0,408400,0,"['轻小说', '衍生同人', '轻小说']",0,1,1,1,410000,90
43,77.0,337000,0,"['现代言情', '都市生活']",0,1,1,1,340000,59
4326,64.0,189200,0,"['仙侠', '现代修真']",1,0,0,1,190000,54
10,0.0,12400,0,"['仙侠', '现代修真']",0,0,0,0,0,48
23,8.0,25299,0,"['历史', '秦汉三国']",0,0,0,1,25000,6
67,33.0,148400,0,"['游戏', '游戏异界']",0,1,4,4,800000,768
37,31.0,81800,0,"['科幻', '未来世界']",0,0,0,2,86000,19
2,65.0,2028,0,"['都市', '都市生活']",0,0,0,1,2028,33
2,0.0,2555,0,"['科幻', '末世危机']",0,0,0,0,0,7
4,0.0,3180,0,"['武侠', '武侠幻想']",1,0,0,0,0,3
4,77.0,59000,0,"['武侠', '传统武侠']",0,0,0,1,59000,4
3,0.0,7368,0,"['都市', '异术超能']",0,0,0,0,0,34
50,153.0,612800,0,"['科幻空间', '时空穿梭']",0,1,3,1,610000,196
10,31.0,10400,0,"['轻小说', '原生幻想', '轻小说']",0,0,0,1,10000,5
2,0.0,1155,0,"['现实', '青年故事']",0,0,0,0,0,1
10,0.0,39900,0,"['奇幻', '另类幻想']",0,0,1,1,320000,100
308,109.0,181000,0,"['轻小说', '衍生同人', '轻小说']",0,0,1,1,180000,56
2,70.0,11500,0,"['奇幻', '剑与魔法']",0,0,0,1,12000,5
30,16.0,62900,0,"['轻小说', '原生幻想', '轻小说']",0,0,0,1,63000,15
12,10.0,39500,0,"['奇幻', '剑与魔法']",0,0,0,2,150000,40
6,0.0,2068,0,"['都市', '娱乐明星']",0,0,0,0,0,5
7,0.0,7555,0,"['古代言情', '古典架空']",0,0,0,0,0,8
11,0.0,38000,0,"['现实', '人间百态']",0,0,0,1,4153,10
0,6.0,31500,0,"['轻小说', '衍生同人', '轻小说']",0,0,1,1,32000,6
25,10.0,24200,0,"['诸天无限', '无限']",1,0,1,5,890000,389
3104,154.0,762200,4,"['轻小说', '衍生同人', '轻小说']",0,1,1,1,760000,149
59,21.0,117000,0,"['玄幻', '高武世界']",0,0,0,3,760000,194
223,128.0,50300,0,"['都市', '都市生活']",0,0,0,2,98000,34
18,9.0,22900,0,"['古代言情', '穿越奇情']",0,0,0,1,23000,7
30,132.0,40500,0,"['玄幻', '东方玄幻']",1,0,0,3,150000,37
73,18.0,64700,0,"['诸天无限', '诸天']",1,0,3,3,1400000,348
16,16.0,22599,0,"['玄幻', '东方玄幻']",0,0,0,1,23000,19
5,0.0,10400,0,"['玄幻', '东方玄幻']",0,0,0,0,0,62
0,13.0,28700,0,"['都市', '都市异能']",0,0,1,1,29000,6
2,0.0,2165,0,"['科幻空间', '末世危机']",0,0,0,0,0,1
1,0.0,2637,0,"['古代言情', '宫闱宅斗']",0,0,0,0,0,2
4,0.0,6022,0,"['现代言情', '豪门世家']",0,0,0,0,0,3
13,16.0,155800,0,"['现实', '青年故事']",1,0,0,3,560000,100
3,0.0,2459,0,"['短篇', '生活随笔']",0,0,0,0,0,3
51,0.0,93000,0,"['仙侠', '古典仙侠']",0,0,0,0,0,26
3,0.0,2256,0,"['奇幻', '神秘幻想']",0,0,0,0,0,2
2,0.0,1001,0,"['科幻', '未来世界']",0,0,0,0,0,1
0,13.0,8063,0,"['古代言情', '古典架空']",0,0,0,1,8063,3
78,16.0,102300,0,"['都市', '都市异能']",1,1,1,2,180000,33
8,10.0,6668,0,"['短篇', '短篇小说']",1,0,0,1,6668,6
9,117.0,16900,0,"['科幻', '进化变异']",0,0,0,1,17000,10
1115,153.0,643500,0,"['轻小说', '衍生同人', '轻小说']",0,1,3,3,2180000,453
6,64.0,169800,0,"['现代言情', '婚恋情缘']",0,1,1,2,640000,127
63,32.0,105399,0,"['都市', '娱乐明星']",1,0,1,1,110000,83
568,124.0,368500,0,"['轻小说', '衍生同人', '轻小说']",0,1,4,2,1700000,488
0,0.0,6189,0,"['古代言情', '穿越奇情']",0,0,0,0,0,3
3,78.0,6302,0,"['奇幻', '神秘幻想']",0,0,0,1,6302,6
26,0.0,10700,0,"['玄幻', '异世大陆']",0,0,0,0,0,17
8,0.0,8160,0,"['现实', '青年故事']",0,0,0,0,0,3
2867,153.0,645300,0,"['历史', '架空历史']",0,1,5,1,650000,152
37,39.0,2525,0,"['奇幻', '另类幻想']",0,0,0,3,8833,38
9418,151.0,144800,0,"['科幻空间', '进化变异']",0,0,1,6,1350000,619
11,9.0,6976,0,"['轻小说', '衍生同人', '轻小说']",0,0,0,1,6976,2
4,0.0,2462,0,"['短篇', '短故事']",1,0,0,0,0,3
6,0.0,4221,0,"['奇幻', '另类幻想']",0,0,0,0,0,11
9,0.0,13899,0,"['古代言情', '古代情缘']",0,0,0,1,2016,8
30,153.0,253400,0,"['都市', '都市异能']",0,1,5,4,1020000,157
7,31.0,10100,0,"['现实', '青年故事']",0,0,0,1,10000,6
29,134.0,57600,0,"['轻小说', '衍生同人', '轻小说']",0,0,0,1,58000,14
16,0.0,14900,0,"['玄幻', '东方玄幻']",0,0,0,0,0,3
25,8.0,5,0,"['玄幻', '东方玄幻']",1,0,0,1,5,6
1,73.0,86800,0,"['都市', '都市生活']",1,0,3,8,3410000,982
12,18.0,22700,0,"['玄幻', '异世大陆']",0,0,0,1,23000,9
5787,93.0,487200,1,"['仙侠', '幻想修仙']",1,1,1,1,490000,92
7,0.0,16100,0,"['都市', '都市生活']",0,0,0,0,0,2
2,0.0,4751,0,"['武侠', '武侠幻想']",0,0,0,2,49000,13
2,0.0,2329,0,"['现实', '人间百态']",0,0,0,0,0,1
232,66.0,97700,0,"['科幻', '末世危机']",0,0,0,1,98000,26
23,12.0,51900,0,"['都市', '异术超能']",0,0,0,2,72000,57
714,153.0,750600,0,"['都市', '都市异能']",0,1,4,1,750000,155
8,13.0,8630,0,"['武侠', '武侠幻想']",0,0,0,1,8630,6
27,35.0,37000,0,"['武侠', '传统武侠']",0,0,0,1,37000,13
5,0.0,8166,0,"['玄幻言情', '异世大陆']",0,0,0,0,0,4
2,0.0,1057,0,"['短篇', '短故事']",0,0,0,0,0,1
171,31.0,86900,0,"['都市', '都市生活']",0,0,1,1,87000,464
565,153.0,477700,0,"['诸天无限', '诸天']",0,0,0,1,480000,152
1122,153.0,636000,0,"['轻小说', '衍生同人', '轻小说']",0,1,1,1,640000,151
2,9.0,1123,0,"['都市', '青春校园']",0,0,0,7,140000,142
28,53.0,87100,0,"['浪漫青春', '青春疼痛']",0,0,0,1,87000,29
12,0.0,12900,0,"['玄幻', '王朝争霸']",0,0,0,0,0,5
7,0.0,18100,0,"['游戏', '虚拟网游']",0,0,0,1,39000,36
2,0.0,3591,0,"['都市', '都市生活']",0,0,0,0,0,1
9,28.0,14300,0,"['军事', '军事战争']",0,0,0,1,14000,6
3639,154.0,960800,22,"['都市', '娱乐明星']",0,1,2,1,960000,165
7250,73.0,333400,0,"['现实生活', '家与情感']",1,1,1,4,610000,145
2,24.0,1074,0,"['短篇', '生活随笔']",0,0,0,1,1074,1
2,0.0,1083,0,"['科幻', '星际文明']",0,0,0,0,0,2
50,0.0,20299,0,"['历史', '架空历史']",0,0,1,2,480000,163
9,32.0,38600,0,"['奇幻', '另类幻想']",0,0,0,1,39000,4
17,125.0,720400,0,"['都市', '都市异能']",0,1,1,4,1040000,184
3,0.0,6195,0,"['诸天无限', '诸天']",0,0,0,0,0,1
6,0.0,12500,0,"['玄幻', '异世大陆']",0,0,0,0,0,7
0,0.0,2831,0,"['浪漫青春', '青春校园']",0,0,0,0,0,1
2,0.0,2323,0,"['仙侠奇缘', '古典仙侠']",0,0,0,0,0,1
683,126.0,541100,0,"['轻小说', '衍生同人', '轻小说']",1,1,3,2,630000,141
4,55.0,12700,0,"['仙侠', '修真文明']",0,0,0,0,0,0
50,21.0,82200,0,"['悬疑', '诡秘悬疑']",0,0,3,2,1430000,273
10,98.0,244600,0,"['玄幻', '王朝争霸']",0,0,1,1,240000,70
183,61.0,327900,0,"['都市', '异术超能']",1,0,0,1,330000,271
342,78.0,266100,0,"['奇幻', '剑与魔法']",1,0,3,8,7390000,1843
3,0.0,3201,0,"['玄幻', '东方玄幻']",0,0,0,0,0,28
2,0.0,2694,0,"['奇幻', '剑与魔法']",0,0,1,10,740000,590
197,31.0,145600,0,"['奇幻', '另类幻想']",0,0,0,2,360000,63
3,37.0,6114,0,"['都市', '都市生活']",0,0,0,2,21000,12
2,0.0,1447,0,"['仙侠', '现代修真']",0,0,0,0,0,2
17,10.0,48600,0,"['现代言情', '都市生活']",1,0,0,1,49000,9
3,0.0,6334,0,"['轻小说', '原生幻想', '轻小说']",0,0,0,0,0,0
11,48.0,46700,0,"['轻小说', '搞笑吐槽', '轻小说']",0,0,0,1,47000,20
36,23.0,65400,0,"['玄幻', '异世大陆']",0,0,0,1,65000,5
3,0.0,1020,0,"['历史', '两宋元明']",0,0,0,0,0,1
4,6.0,34800,0,"['都市', '异术超能']",0,0,1,2,73000,16
5,150.0,10700,0,"['科幻', '未来世界']",0,0,0,1,11000,5
2,0.0,1019,0,"['科幻', '超级科技']",0,0,0,0,0,2
207,21.0,12000,0,"['短篇', '短故事']",1,1,1,2,24000,161
2,53.0,1456,0,"['短篇', '短篇小说']",0,0,0,1,1456,1
69,63.0,97600,0,"['轻小说', '衍生同人', '轻小说']",0,0,0,1,98000,34
2,0.0,7598,0,"['玄幻言情', '东方玄幻']",0,0,0,0,0,1
44,12.0,29000,0,"['轻小说', '原生幻想', '轻小说']",0,0,0,2,38000,24
2,0.0,2077,0,"['仙侠', '幻想修仙']",0,0,0,0,0,0
12,20.0,9574,0,"['玄幻', '东方玄幻']",0,0,0,1,9574,12
5,0.0,5082,0,"['短篇', '短故事']",0,0,0,0,0,3
273,40.0,40700,0,"['科幻', '未来世界']",1,0,0,1,41000,79
11,16.0,10200,0,"['玄幻', '异世大陆']",0,0,0,1,10000,16
6,19.0,3463,0,"['都市', '异术超能']",0,0,0,1,3463,7
2,60.0,15300,0,"['轻小说', '唯美幻想', '轻小说']",0,0,0,1,15000,14
12,14.0,41800,0,"['历史', '架空历史']",1,0,0,4,110000,56
162,127.0,279100,0,"['玄幻', '异世大陆']",0,0,0,1,280000,27
21,50.0,113500,0,"['玄幻', '异世大陆']",0,0,0,1,110000,27
7,0.0,8388,0,"['奇幻', '神秘幻想']",0,0,0,0,0,0
100,96.0,16299,0,"['仙侠奇缘', '古典仙侠']",0,0,0,1,16000,6
19,40.0,7423,0,"['玄幻', '异世大陆']",0,0,0,1,7423,4
2,0.0,1609,0,"['都市', '异术超能']",0,0,0,0,0,1
4,0.0,10100,0,"['仙侠', '神话修真']",0,0,0,0,0,2
99,12.0,28,0,"['军事', '战争幻想']",0,0,0,1,28,27
33,73.0,9856,0,"['科幻空间', '末世危机']",0,0,0,1,9856,17
27,12.0,73700,0,"['都市', '都市异能']",0,0,0,8,160000,42
111,88.0,150800,0,"['轻小说', '衍生同人', '轻小说']",0,0,0,1,150000,27
3,13.0,3036,0,"['玄幻', '东方玄幻']",0,0,0,1,3036,2
98,13.0,51400,0,"['奇幻', '剑与魔法']",0,0,0,1,51000,13
2,0.0,1080,0,"['浪漫青春', '青春纯爱']",0,0,0,0,0,2
547,153.0,693900,0,"['诸天无限', '无限']",0,1,1,1,690000,149
11,48.0,30099,0,"['现代言情', '都市生活']",0,0,0,1,30000,38
6,0.0,3686,0,"['玄幻', '东方玄幻']",1,0,0,0,0,6
2,39.0,3407,0,"['科幻', '未来世界']",0,0,0,1,3407,3
70,11.0,64800,0,"['科幻', '末世危机']",0,0,0,1,65000,53
77,13.0,65500,0,"['轻小说', '衍生同人', '轻小说']",0,0,1,1,65000,435
0,0.0,10300,0,"['古代言情', '女尊王朝']",0,0,0,0,0,2
78,49.0,35200,0,"['科幻', '星际文明']",1,0,0,1,35000,35
20,27.0,39200,0,"['游戏', '电子竞技']",0,0,0,1,39000,14
33,23.0,64200,0,"['玄幻', '异世大陆']",1,0,0,1,64000,19
44,23.0,35900,0,"['历史', '架空历史']",0,0,0,1,36000,13
2,0.0,1028,0,"['玄幻', '高武世界']",0,0,0,0,0,1
51,152.0,66100,0,"['科幻', '时空穿梭']",1,0,0,1,66000,208
7,0.0,15400,0,"['悬疑', '诡秘悬疑']",0,0,0,1,13000,8
6,37.0,10600,0,"['都市', '都市生活']",0,0,0,2,40000,22
9,0.0,12700,0,"['玄幻', '异世大陆']",1,0,0,1,30000,20
5,0.0,22100,0,"['科幻空间', '未来世界']",1,0,0,0,0,18
37,8.0,16100,0,"['悬疑推理', '幽情奇缘']",0,0,0,1,16000,9
2,1.0,5543,0,"['短篇', '短篇小说']",1,0,0,1,5543,1
2,0.0,1125,0,"['武侠', '武侠幻想']",0,0,0,0,0,1
2,0.0,2173,0,"['现代言情', '婚恋情缘']",0,0,0,0,0,7
3,41.0,2446,0,"['科幻', '末世危机']",0,0,0,2,11000,6
11,122.0,385600,0,"['悬疑推理', '悬疑探险', '轻小说']",0,1,1,1,390000,100
263,60.0,195600,0,"['科幻', '时空穿梭', '轻小说']",0,0,0,1,200000,48
34,13.0,58700,0,"['玄幻', '异世大陆']",1,0,0,1,59000,399
2,0.0,848,0,"['短篇', '短篇小说']",0,0,0,0,0,1
2,31.0,1967,0,"['玄幻', '东方玄幻']",0,0,0,1,1967,1
5,0.0,45,0,"['玄幻', '异世大陆']",0,0,0,1,67000,69
14,44.0,21900,0,"['都市', '都市异能']",0,0,0,6,58000,18
16,0.0,66900,0,"['短篇', '短篇小说']",0,0,0,0,0,30
24,12.0,38200,0,"['轻小说', '搞笑吐槽', '轻小说']",0,0,0,1,38000,12
9,0.0,6331,0,"['玄幻', '异世大陆']",1,0,0,0,0,0
0,32.0,19500,0,"['现实生活', '家与情感']",0,0,0,1,20000,8
45,48.0,126300,0,"['奇幻', '史诗奇幻']",0,0,0,1,130000,32
7,10.0,11500,0,"['轻小说', '搞笑吐槽', '轻小说']",0,0,0,1,12000,6
20,0.0,13799,0,"['玄幻', '异世大陆']",0,0,0,0,0,6
16,14.0,26700,0,"['悬疑', '侦探推理']",0,0,0,2,52000,20
58,25.0,68000,0,"['玄幻', '高武世界']",1,0,0,1,68000,17
15,42.0,29500,0,"['轻小说', '原生幻想', '轻小说']",0,0,0,1,30000,14
3,0.0,3902,0,"['玄幻', '东方玄幻']",0,0,0,0,0,2
11,0.0,10600,0,"['悬疑', '诡秘悬疑']",0,0,0,0,0,16
6,0.0,4810,0,"['悬疑', '奇妙世界']",0,0,0,0,0,17
0,0.0,1047,0,"['浪漫青春', '青春纯爱']",0,0,0,0,0,2
395,91.0,265100,0,"['玄幻', '东方玄幻']",0,0,0,1,270000,89
0,0.0,186000,0,"['短篇', '短篇小说']",0,0,0,0,0,30
2,0.0,6285,0,"['悬疑', '诡秘悬疑']",0,0,0,0,0,24
16,69.0,34800,0,"['玄幻', '异世大陆']",0,0,0,1,35000,43
20,81.0,48400,0,"['仙侠', '幻想修仙']",0,0,0,1,48000,31
89,33.0,62200,0,"['仙侠', '古典仙侠']",0,0,0,1,62000,404
3,0.0,9134,0,"['轻小说', '衍生同人', '轻小说']",0,0,0,0,0,3
29,32.0,33100,0,"['现代言情', '都市生活']",1,0,0,1,33000,26
3,100.0,2809,0,"['现实', '青年故事']",0,0,0,1,2809,4
3,0.0,9320,0,"['都市', '都市生活']",0,0,0,0,0,3
20,0.0,22599,0,"['科幻空间', '末世危机']",0,0,0,0,0,6
24,10.0,151100,0,"['仙侠', '修真文明']",0,0,0,1,150000,9
15,10.0,20800,0,"['轻小说', '衍生同人', '轻小说']",0,0,1,3,1410000,349
7,0.0,7991,0,"['现代言情', '豪门世家']",0,0,0,0,0,5
15,0.0,19900,0,"['诸天无限', '诸天']",1,0,0,1,13000,22
6,0.0,3852,0,"['短篇', '短篇小说']",0,0,0,0,0,6
33,71.0,53500,0,"['历史', '架空历史', '轻小说']",0,0,0,1,54000,22
3,0.0,3262,0,"['玄幻', '东方玄幻']",0,0,0,0,0,2
23,10.0,40199,0,"['都市', '青春校园']",0,0,0,1,40000,17
20,152.0,55199,0,"['都市', '都市生活']",0,0,0,3,80000,33
11,0.0,23500,0,"['玄幻', '高武世界']",0,0,0,0,0,0
48,0.0,581,0,"['仙侠', '古典仙侠']",0,0,0,0,0,10
4,30.0,2957,0,"['奇幻', '剑与魔法']",0,0,0,1,2957,6
31,0.0,23600,0,"['科幻', '未来世界']",0,0,0,0,0,22
4,11.0,4285,0,"['玄幻', '异世大陆']",0,0,0,1,4285,1
2,0.0,1042,0,"['浪漫青春', '青春校园']",0,0,0,0,0,4
5,36.0,14000,0,"['轻小说', '原生幻想', '轻小说']",1,0,0,1,14000,3
22,0.0,14200,0,"['玄幻', '异世大陆']",0,0,0,0,0,0
5,0.0,5533,0,"['奇幻', '剑与魔法']",0,0,0,0,0,3
29,14.0,72800,0,"['诸天无限', '诸天']",1,0,0,0,0,0
101,107.0,358100,0,"['诸天无限', '无限']",1,0,0,2,400000,93
7,22.0,5236,0,"['诸天无限', '诸天']",0,0,0,2,9741,24
22,23.0,40400,0,"['科幻', '时空穿梭']",1,0,0,1,40000,15
36,11.0,48300,0,"['轻小说', '原生幻想', '轻小说']",0,0,0,1,48000,11
3,0.0,1200,0,"['玄幻言情', '魔法幻情']",0,0,0,0,0,1
6,0.0,4285,0,"['悬疑', '诡秘悬疑']",0,0,0,0,0,1
36,0.0,35900,0,"['玄幻', '异世大陆']",0,0,1,1,79000,51
2,0.0,1180,0,"['古代言情', '古代情缘']",0,0,0,0,0,5
2,0.0,1713,0,"['武侠', '传统武侠']",0,0,0,0,0,1
3,0.0,12100,0,"['仙侠', '幻想修仙']",0,0,0,0,0,2
4,19.0,1574,0,"['短篇', '短故事']",0,0,0,1,1574,3
3,0.0,12900,0,"['都市', '都市生活']",0,0,0,0,0,3
2,0.0,4656,0,"['诸天无限', '无限']",0,0,0,0,0,1
29,16.0,3716,0,"['轻小说', '原生幻想', '轻小说']",0,0,0,1,3716,3
0,9.0,1159,0,"['浪漫青春', '青春校园']",0,0,0,1,1159,1
2,0.0,2762,0,"['科幻', '末世危机']",0,0,0,0,0,1
51,131.0,16700,0,"['玄幻', '东方玄幻']",0,0,0,1,17000,16
73,44.0,186500,0,"['仙侠', '幻想修仙']",1,0,1,4,720000,508
2,0.0,1087,0,"['玄幻', '异世大陆']",1,0,0,0,0,1
77,31.0,68400,0,"['奇幻', '另类幻想']",0,0,0,1,68000,35
20,10.0,22000,0,"['轻小说', '原生幻想', '轻小说']",0,0,0,1,22000,6
21,148.0,29400,0,"['游戏', '游戏异界']",0,0,0,1,29000,21
2,112.0,8876,0,"['奇幻', '剑与魔法']",0,0,0,1,8876,9
30,56.0,108600,0,"['浪漫青春', '青春校园']",1,0,0,1,110000,41
8,39.0,18900,0,"['玄幻', '东方玄幻']",0,0,0,1,19000,15
73,25.0,94900,0,"['历史', '两宋元明']",0,0,1,1,95000,35
0,15.0,26300,0,"['现实生活', '家与情感']",0,0,1,1,26000,269
22,0.0,41700,0,"['玄幻', '异世大陆']",0,0,0,1,81000,20
1406,153.0,597800,1,"['游戏', '游戏异界']",0,1,1,1,600000,186
2,0.0,1119,0,"['浪漫青春', '青春纯爱']",0,0,0,0,0,1
2569,46.0,211300,0,"['都市', '都市生活']",0,1,1,1,210000,46
2,0.0,3265,0,"['现实', '人间百态']",0,0,0,0,0,2
1343,153.0,661200,0,"['仙侠', '修真文明']",0,1,1,1,660000,152
2,0.0,993,0,"['科幻', '末世危机']",0,0,0,0,0,1
3,55.0,1615,0,"['科幻', '星际文明']",0,0,0,1,1615,13
2,0.0,1002,0,"['奇幻', '另类幻想']",0,0,0,1,2888,9
0,0.0,9264,0,"['短篇', '短篇小说']",0,0,0,0,0,2
18,10.0,11600,0,"['玄幻', '东方玄幻']",0,0,0,1,12000,8
5,0.0,3180,0,"['都市', '都市异能']",0,0,0,0,0,2
2,153.0,5839,0,"['轻小说', '其他衍生', '轻小说']",0,0,0,8,55000,136
6,3.0,3988,0,"['历史', '架空历史']",1,0,0,1,3988,3
27,34.0,52699,0,"['历史', '两宋元明']",0,0,0,1,53000,62
2,0.0,1013,0,"['轻小说', '恋爱日常', '轻小说']",0,0,0,0,0,1
50,22.0,92200,0,"['玄幻', '异世大陆']",0,0,1,2,210000,55
2,0.0,1018,0,"['悬疑', '侦探推理']",0,0,0,0,0,1
75,28.0,62699,0,"['古代言情', '穿越奇情']",0,0,0,1,63000,58
8,0.0,18800,0,"['玄幻', '异世大陆']",0,0,0,0,0,2
447,33.0,122300,0,"['科幻', '末世危机']",0,0,1,2,240000,52
8,0.0,2498,0,"['仙侠', '幻想修仙']",0,0,0,0,0,19
17,41.0,34600,0,"['科幻', '星际文明']",0,0,0,1,35000,6
18,30.0,28100,0,"['短篇', '短篇小说']",0,0,0,1,28000,13
93,11.0,34900,0,"['轻小说', '衍生同人', '轻小说']",0,0,0,1,35000,23
2,14.0,5278,0,"['仙侠', '修真文明']",0,0,0,1,5278,2
42,16.0,52500,0,"['玄幻', '异世大陆']",0,0,0,1,53000,13
2,0.0,1313,0,"['短篇', '生活随笔']",0,0,0,0,0,1
10100,153.0,843400,15,"['科幻', '未来世界']",0,1,5,5,4170000,646
204,17.0,70100,0,"['科幻', '未来世界']",0,0,1,1,70000,179
72,33.0,104000,0,"['科幻', '进化变异']",0,0,0,1,100000,20
61,146.0,437299,0,"['科幻', '进化变异']",0,0,0,3,490000,41
3,0.0,2099,0,"['玄幻', '异世大陆']",0,0,0,0,0,2
2,65.0,1006,0,"['诸天无限', '综漫']",0,0,0,1,1006,2
42300,153.0,900300,98,"['奇幻', '神秘幻想']",0,1,4,1,900000,153
290,92.0,86900,0,"['玄幻言情', '东方玄幻']",0,0,1,2,110000,37
7,14.0,7075,0,"['奇幻', '神秘幻想']",0,0,0,1,7075,6
38,36.0,78900,0,"['仙侠', '现代修真']",0,0,0,1,79000,20
2,0.0,4138,0,"['玄幻', '异世大陆']",0,0,0,0,0,0
17,30.0,42200,0,"['都市', '异术超能']",0,0,0,1,42000,30
97,11.0,35400,0,"['诸天无限', '诸天']",0,0,0,1,35000,10
2,0.0,2494,0,"['轻小说', '恋爱日常', '轻小说']",0,0,0,1,29000,11
16,29.0,29100,0,"['奇幻', '神秘幻想']",0,0,0,3,960000,593
2,0.0,3278,0,"['轻小说', '其他衍生', '轻小说']",1,0,0,0,0,2
5,42.0,52000,0,"['轻小说', '恋爱日常', '轻小说']",0,0,0,1,52000,3
3,8.0,6533,0,"['科幻', '末世危机']",0,0,0,1,6533,9
2,0.0,1553,0,"['玄幻', '异世大陆']",0,0,0,0,0,1
44,45.0,63099,0,"['玄幻', '高武世界']",0,0,0,1,63000,39
2,0.0,6611,0,"['玄幻', '东方玄幻']",0,0,0,0,0,2
2,0.0,9755,0,"['现代言情', '婚恋情缘']",0,0,0,0,0,1
7,0.0,16500,0,"['玄幻言情', '异世大陆']",0,0,0,0,0,5
8,13.0,18600,0,"['浪漫青春', '青春疼痛']",0,0,0,2,46000,16
283,140.0,453300,0,"['现代言情', '都市异能']",0,1,3,5,2470000,434
8,10.0,5637,0,"['仙侠奇缘', '古典仙侠']",1,0,0,2,15000,15
84,27.0,42100,0,"['体育', '篮球运动']",0,0,0,1,42000,27
4,13.0,6272,0,"['现实', '青年故事']",0,0,0,1,6272,13
365,15.0,28400,0,"['玄幻', '异世大陆']",0,0,0,2,49000,54
4,13.0,3909,0,"['现实生活', '家与情感']",0,0,0,1,3909,2
2,0.0,1270,0,"['奇幻', '剑与魔法']",0,0,0,0,0,1
0,0.0,1527,0,"['现实生活', '人文博览']",0,0,0,0,0,4
5,0.0,2372,0,"['短篇', '短篇小说']",0,0,0,0,0,3
0,0.0,7547,0,"['古代言情', '古典架空']",1,0,0,0,0,4
2,0.0,1829,0,"['短篇', '短故事']",0,0,0,0,0,1
3,53.0,66200,0,"['玄幻言情', '异世大陆']",0,0,0,3,160000,27
3,0.0,4220,0,"['仙侠', '古典仙侠']",0,0,0,1,5905,5
11,17.0,17800,0,"['玄幻', '异世大陆']",0,0,0,1,18000,44
6,0.0,14000,0,"['游戏', '游戏异界']",0,0,0,0,0,5
26,26.0,17500,0,"['武侠', '传统武侠']",0,0,0,1,18000,26
5,17.0,11000,0,"['都市', '都市异能']",1,0,0,1,11000,5
2,151.0,8657,0,"['历史', '架空历史']",0,0,0,1,8657,1
4,0.0,10900,0,"['科幻', '末世危机']",0,0,0,0,0,7
163,147.0,239899,0,"['诸天无限', '无限']",0,1,1,4,1500000,429
276,35.0,46,0,"['科幻', '时空穿梭']",0,0,1,1,46,1082
79,19.0,55700,0,"['玄幻', '东方玄幻']",0,0,4,2,740000,494
38,41.0,109400,0,"['武侠', '传统武侠']",0,0,0,1,110000,34
2,47.0,406,0,"['短篇', '诗歌散文']",0,0,0,1,406,2
7,9.0,8025,0,"['奇幻', '史诗奇幻']",0,0,0,1,8025,4
2,0.0,1670,0,"['历史', '两宋元明']",0,0,0,0,0,1
2,0.0,3008,0,"['武侠', '传统武侠']",0,0,0,0,0,82
2,0.0,4163,0,"['轻小说', '原生幻想', '轻小说']",0,0,0,1,100000,29
2,48.0,5584,0,"['科幻', '末世危机']",0,0,0,1,5584,51
2,0.0,11100,0,"['古代言情', '穿越奇情']",0,0,0,0,0,1
5,31.0,125800,0,"['轻小说', '衍生同人', '轻小说']",1,1,1,1,130000,30
2,0.0,2125,0,"['奇幻', '另类幻想']",0,0,0,0,0,1
22,25.0,23400,0,"['轻小说', '衍生同人', '轻小说']",0,0,0,1,23000,15
18,0.0,30200,0,"['都市', '异术超能']",0,0,0,0,0,49
14,0.0,8769,0,"['历史', '架空历史']",0,0,1,2,620000,157
4,12.0,16700,0,"['仙侠', '幻想修仙']",1,0,0,1,17000,2
2,0.0,2530,0,"['浪漫青春', '青春纯爱']",0,0,0,0,0,6
10,0.0,11000,0,"['玄幻', '东方玄幻']",0,0,0,0,0,5
10,8.0,12500,0,"['科幻', '星际文明']",0,0,0,1,13000,40
2,0.0,3209,0,"['仙侠', '修真文明']",0,0,0,0,0,1
40,92.0,42699,0,"['奇幻', '现代魔法']",0,0,0,2,150000,68
82,153.0,355700,0,"['现代言情', '豪门世家']",0,1,4,1,360000,1422
29,18.0,29500,0,"['玄幻', '东方玄幻']",1,0,1,3,340000,86
4,0.0,4114,0,"['玄幻', '异世大陆']",0,0,0,0,0,4
22,19.0,43900,0,"['玄幻', '异世大陆']",0,0,0,1,44000,18
9,0.0,31800,0,"['游戏', '虚拟网游']",0,0,0,0,0,0
4047,153.0,495100,6,"['轻小说', '衍生同人', '轻小说']",0,1,1,1,500000,138
21,37.0,13700,0,"['科幻', '进化变异']",0,0,0,2,18000,14
2,21.0,2314,0,"['奇幻', '现代魔法']",0,0,0,1,2314,18
2,0.0,8698,0,"['古代言情', '古典架空']",0,0,0,2,38000,16
262,25.0,93100,0,"['诸天无限', '综漫']",0,0,1,2,830000,191
3,0.0,1500,0,"['都市', '娱乐明星']",0,0,0,0,0,1
2,0.0,1081,0,"['轻小说', '原生幻想', '轻小说']",0,0,0,0,0,1
1215,122.0,519000,0,"['玄幻', '东方玄幻']",0,1,1,1,520000,117
3,2.0,4594,0,"['玄幻', '东方玄幻']",1,0,0,1,4594,1
101,68.0,68600,0,"['武侠', '武侠幻想']",0,0,0,1,69000,29
4,71.0,6524,0,"['轻小说', '衍生同人', '轻小说']",0,0,0,1,6524,3
544,154.0,417299,0,"['都市', '娱乐明星']",0,1,1,8,2040000,1003
2,0.0,1000,0,"['短篇', '短篇小说']",0,0,0,0,0,1
3,22.0,10100,0,"['玄幻', '东方玄幻']",0,0,0,1,10000,2
64,0.0,12600,0,"['轻小说', '衍生同人', '轻小说']",0,0,1,1,370000,91
28,38.0,41200,0,"['玄幻', '东方玄幻']",0,0,0,2,88000,14
15,8.0,29100,0,"['都市', '都市生活']",0,0,0,1,29000,7
2,0.0,2262,0,"['奇幻', '另类幻想']",0,0,0,1,72000,18
4,28.0,4434,0,"['玄幻', '东方玄幻']",0,0,0,1,4434,2
2,0.0,2009,0,"['历史', '架空历史']",0,0,0,1,2059,2
2,0.0,2839,0,"['现实生活', '家与情感']",0,0,0,0,0,3
13,12.0,6234,0,"['古代言情', '古代情缘']",0,0,0,1,6234,2
2,0.0,1088,0,"['科幻', '末世危机']",0,0,0,0,0,1
33,11.0,36900,0,"['诸天无限', '无限']",1,0,0,1,37000,10
9737,153.0,582300,20,"['科幻', '末世危机']",0,1,5,8,9150000,2263
3,0.0,4357,0,"['玄幻', '东方玄幻']",0,0,0,0,0,0
1248,134.0,364200,4,"['历史', '两宋元明']",0,1,1,2,1050000,243
2,0.0,1224,0,"['古代言情', '古代情缘']",0,0,0,0,0,1
4,8.0,10500,0,"['轻小说', '衍生同人', '轻小说']",0,0,0,2,23000,46
2,0.0,1022,0,"['奇幻', '历史神话']",0,0,0,0,0,8
6,15.0,137500,0,"['军事', '军事战争']",0,0,0,2,150000,25
6,12.0,12700,0,"['科幻', '进化变异']",0,0,1,5,200000,851
2,0.0,1330,0,"['仙侠奇缘', '古典仙侠']",0,0,0,0,0,1
0,14.0,55700,0,"['都市', '娱乐明星']",1,1,1,3,210000,82
17,73.0,22000,0,"['武侠', '武侠同人']",1,0,0,4,33000,20
2,0.0,1726,0,"['现代言情', '娱乐明星']",0,0,0,0,0,6
19,142.0,142400,0,"['诸天无限', '无限']",0,0,0,1,140000,59
10,0.0,9381,0,"['玄幻', '东方玄幻']",0,0,0,0,0,2
5,0.0,2238,0,"['都市', '都市生活']",0,0,0,1,19000,9
0,0.0,5393,0,"['现实生活', '家与情感']",0,0,0,0,0,2
50,64.0,283800,0,"['武侠', '武侠同人']",1,1,1,1,280000,63
2,0.0,1359,0,"['浪漫青春', '青春校园']",0,0,0,0,0,1
197,24.0,34200,0,"['都市', '异术超能']",0,0,0,1,34000,14
2,57.0,6240,0,"['科幻', '超级科技']",0,0,0,2,11000,113
26,102.0,45800,0,"['科幻', '未来世界']",1,0,0,1,46000,70
10,0.0,9327,0,"['仙侠奇缘', '仙侣奇缘']",0,0,0,0,0,4
12,23.0,26100,0,"['仙侠', '古典仙侠']",0,0,0,1,26000,5
8,0.0,12800,0,"['科幻', '进化变异']",0,0,0,0,0,5
6,0.0,10200,0,"['仙侠', '现代修真']",0,0,0,0,0,2
2,36.0,13300,0,"['仙侠', '古典仙侠']",0,0,0,1,13000,1
2,0.0,5087,0,"['现实生活', '家与情感']",0,0,0,1,57000,37
23,21.0,35300,0,"['轻小说', '衍生同人', '轻小说']",0,0,0,1,35000,11
2,0.0,1144,0,"['现代言情', '婚恋情缘']",0,0,0,0,0,2
2,0.0,1413,0,"['奇幻', '另类幻想']",0,0,0,0,0,1
123,24.0,76000,0,"['轻小说', '原生幻想', '轻小说']",1,0,1,1,76000,20
4,9.0,8234,0,"['玄幻', '东方玄幻']",0,0,0,1,8234,3
4395,153.0,614400,13,"['科幻', '末世危机']",0,1,2,2,1460000,249
4,0.0,10600,0,"['科幻', '进化变异']",0,0,0,0,0,8
5,0.0,15800,0,"['玄幻', '东方玄幻']",0,0,0,0,0,2
4,108.0,4433,0,"['奇幻', '剑与魔法']",0,0,0,1,4433,1
12,0.0,3050,0,"['仙侠', '幻想修仙']",0,0,0,0,0,23
4,14.0,2969,0,"['现实', '青年故事']",0,0,0,1,2969,3
4,11.0,50199,0,"['都市', '异术超能']",0,0,1,1,50000,10
166,87.0,137600,0,"['科幻', '未来世界']",0,0,0,1,140000,237
110,37.0,64300,0,"['仙侠', '现代修真']",0,0,0,3,140000,41
20,0.0,28000,0,"['诸天无限', '无限']",0,0,0,0,0,7
2,0.0,4052,0,"['短篇', '短篇小说']",0,0,0,0,0,1
7,0.0,10400,0,"['短篇', '短篇小说']",0,0,0,0,0,4
75,30.0,74000,0,"['古代言情', '穿越奇情']",0,0,0,1,74000,45
4,0.0,2170,0,"['短篇', '人物传记']",0,0,0,0,0,7
7,34.0,13400,0,"['奇幻', '史诗奇幻']",0,0,0,1,13000,5
34,82.0,111100,0,"['玄幻', '异世大陆']",0,0,0,3,370000,297
