book_id,book_name,latest_update_time,latest_chapter,word_count,total_recommend,weekly_recommend,book_intro_detail,book_intro,status,contract_vip,remaining_attributes,author_level,total_works,total_creation_words,creation_days,author
1038307029,禁地求生：我，受伤就变强！,2024-01-03,最新章节: 第104章 完成第一步计划,262800,0,0,"千年前，全球异变，全民时代来临，各大禁地相继演变！
千年后的今天，各大禁地已经将人类的生存空间压缩到了极限！
为了抵抗这一切，每一个人都要规划职业，疯狂升级，争取变强。
而牧云职业觉醒时的属性则是有些与众不同！
只要受到伤害就增加经验值！
别人辛苦打怪升级，他只要疯狂作死让自己受到伤害就可以了！
他还觉醒了最牛逼职业牧师！
只不过他这个牧师貌似有点不一样。
别人治疗救命，而他的治疗要命！
是痛的要命！
他的治疗效果非常显著，但副作用就是带来无限的疼痛！
他这个牧师也就成了最不受待见的牧师！
别人亲切的称他为死亡牧师！
…
“别，你别过来啊！我不要你治疗啊！”
“卧槽！我对你没兴趣啊！别靠近我啊！”
“尼玛！你要是敢给我用治疗术我就自杀！”
“大哥…求你了，放过我吧……",重生过去、畅想未来、梦幻现实，再塑传奇人生！,1,1,"['都市', '都市异能']",2,4,2250000,506,作者:肆月的羊
1038307032,抗战：坏了，穿越成小鬼子了！,2023-12-07,最新章节: 第35章：绝佳计策！,110800,3,0,"林致国穿越了。
这里是平行世界。
而且这个世界里的抗战才刚刚开始！
他的身份是后勤部部长，管理着整个关东的后勤补给，军衔是少校，名字叫做德川哲少，是日本天皇后裔！
坏了，穿歪了！成特么小鬼子了！
不过...他仍可以救国！
一年后，华夏装备了飞机、大炮、坦克，鬼子懵逼了。
四年后，随着一声核爆响彻，漂亮国懵逼了。
十年后，看着华夏的现代化机械部队，全球懵逼了！",重生过去、畅想未来、梦幻现实，再塑传奇人生！,0,1,"['都市', '商战职场']",3,2,910000,199,作者:兔撩
1038307037,足球荣誉,2024-03-23,最新章节: 第129章对阵门兴,268000,704,4,一个天赋异禀的少年，努力兑换自己天赋，追逐足球梦想的故事。,体坛多英雄，赛场我为王，热血澎湃的竞技体育！,0,1,"['体育', '足球运动']",2,2,1190000,223,作者:棒子湾
1038307043,悟之道,2023-12-12,最新章节: 终章：观澜-听雨入道,117400,24,0,"不看，不做，不入道：经历过，方可思，不在其中，不知其味。
不思，不识，不悟道：思考过，方可悟，不悟其理，不明其实。
不失，不放，不得道：放下过，方可得，有得有失，才知得失。
有品，有德，知布道：给予过，方明人，欲给不得，欲得不予。
大品，大德，愿传道：看到过，方明世，大道至简，大音希声。
人到中年，事业和家庭双重打击，跌入谷底。退居二线，求一份清净，奈何哪里都无清净，事情与机遇的推动下，商业能力解禁，如鱼得水，打造商业帝国。（第一卷：入道，逆袭）。
遭受陷害，二次打击。独闯江南，要一个真理，奈何无理可讲，在友情和爱情的帮助下，成功的抢夺市场的商业竞争，稳固商业地位。（第二卷：悟道，复仇）。
武装到牙齿，有仇必报。强势回归，拿回失去的财富，却失去身边的爱情。为挽回这份真情，全力以赴，耗尽心机，终不可得（第三卷：得道，拯救）
隐居不出，布局天下。出世风轻雨淡，入世波涛汹涌，凭一己之力，硬抗经济危机，死磕技术难关，成就了商业神话（第四卷：布道，商战）
真爱回归，大彻大悟。笑看潮起潮落，静观人生百态，运筹帷幄，指点江山，以人性解商道。（第五卷：传道，传奇）",重生过去、畅想未来、梦幻现实，再塑传奇人生！,0,0,"['都市', '商战职场']",0,1,120000,68,作者:步履江山
1038307061,如果向神明祈祷,2023-11-15,最新章节: 第十一章 闹鬼？,36300,15,0,"“如果你走投无路了，就向神明祈祷吧。”
白希，如是说。",热血的少年，为打破次元壁一往无前！,0,0,"['轻小说', '原生幻想', '轻小说']",0,3,79000,27,作者:不是鸭
1038307064,都市修仙记,2023-12-09,最新章节: 第四十三章 半兽人,138600,414,0,百草门弟子魂穿到了现代都市，成为一名中医学专业的大学生。拥有诸多法术，在都市中生活和修炼。,修仙觅长生，热血任逍遥，踏莲曳波涤剑骨，凭虚御风塑圣魂！,1,0,"['仙侠', '现代修真']",0,1,140000,28,作者:不要煮太久
1038307066,十二塔楼,2023-12-05,最新章节: 第17章选择,47300,21,0,"被一枪爆头后，我开始触及世界之外的领域，但这世界之内又掩藏着多少秘密？
诡异的十二座残破塔楼，来自另一个世界的典籍秘法，这是馈赠，还是麻烦？
我不知道，我只想要活下去……",心潮澎湃，无限幻想，迎风挥击千层浪，少年不败热血！,0,0,"['玄幻', '异世大陆']",0,1,47000,15,作者:书友已注销
1038307090,邪契,2023-11-07,最新章节: 邪长仙崩,12500,6,0,来阅文旗下网站阅读我的更多作品吧！,修仙觅长生，热血任逍遥，踏莲曳波涤剑骨，凭虚御风塑圣魂！,0,0,"['仙侠', '幻想修仙']",0,4,100000,60,作者:手捣冰柠咖
1038307104,天庭那么好，一起加入天庭？,2024-03-30,最新章节: 大结局：血战，没有了悲,625300,24,0,"这是一个重生昊天！
打造无上天庭的故事！
封神？封什么神？
朕的天庭早已经人满为患了好吧！
你们这群修仙的，再不好好上班，我天庭要裁员啦！",修仙觅长生，热血任逍遥，踏莲曳波涤剑骨，凭虚御风塑圣魂！,0,1,"['仙侠', '修真文明']",3,8,2430000,920,作者:秦皇之剑
1038307108,无眠者之章,2024-03-29,最新章节: 第15章 新的力量,40100,14,9,"万恶的觅食者，
贪婪的觅食者，
该死的觅食者啊！
附着在我身上的你，究竟会带领我走向何方？",魔兽践踏，巨龙咆哮，巫师诅咒，魔法璀璨之光照耀知识灯塔！,0,0,"['奇幻', '另类幻想']",0,1,40000,11,作者:黑阿狗
1038307109,老板来一卦？,2024-02-01,最新章节: 人物小传——梁重光,59700,95,0,"大学即将毕业，心理学专业的王玄璋却不想进厂打工，于是决定靠当主播养活自己。
他的直播间不带货，只帮老板们解决烦恼。
人生在世，谁还没点烦恼呢？
只要老板足够蠢，王道长算命一定准！
…………
一个学心理学的神棍，一个天才黑客，和一个武力值爆表却喜欢女生的美少女，合租了一间不到市场价三分之一的凶宅，做起了午夜烦恼咨询直播间。
三人是认识了十多年的发小，是一起在凶宅里住了三年多的合租室友，更是强强联合，亲密无间的好伙伴。
他们的故事，将从这里开始。
…………
本书又名：《社工技能实例教学》，《王道长的恋爱宝典》，《神棍的自我修养》。",重生过去、畅想未来、梦幻现实，再塑传奇人生！,0,0,"['都市', '都市异能']",0,1,60000,99,作者:王陆昀
1038307112,她逃他追，病娇弟弟惹不得,2024-03-27,最新章节: 第四百一十五章定居,467700,8,0,"初到霍家，孟夏挑了个看起来最好攻略的霍郗白开始讨好，不料却讨好过了头，被黏上了，甩都甩不掉的那种——
“当初说好等我回国，结果我出国五年，你却......孟夏，你怎么敢？”
孟夏表示她不仅敢，甚至还敢，只是这一次，不用他围追堵截，她就自己跑了回来，“我知错了，下次不敢了。”
“呵，你嘴里说过一句实话吗？你觉得我还会信你吗？”
孟夏眨了眨眼，从身后牵出小包子，“话不能信，人总能信了吧？”
【敏感小白兔养女vs阴郁偏执狂弟弟】",重生花样年华，玩转市井豪门，携手逆袭人生，共揽一世风云！,0,1,"['现代言情', '婚恋情缘']",1,1,470000,125,作者:简岁岁
1038307142,整个宗门都想当咸鱼,2023-11-15,最新章节: 第13章 为十八哥出头,58700,19,0,"上辈子她兢兢业业工作，结果被组织忌惮，陷害而死，重活一世，她不想再为工作而活，只想混吃等死，安闲度日！
选个业绩最差的宗门，拜个最懒的师尊，没想到看似平平无奇的师兄师姐，却是个个顶着“第一”的头衔，敢情都在这扮猪吃老虎呢？不仅如此，他们还要云初雪一个刚来三个月的小师妹当掌门，开什么玩笑？
不管，她也要着手培养接班人，开启了提前退休计划，没想到，在路上随便捡的便宜徒弟居然也是个隐藏大佬？
云初雪内心OS：？？？",浩瀚世界，无边岁月。漫云女子不英雄，万里乘风独向东！,0,0,"['玄幻言情', '异世大陆']",1,2,82000,819,作者:梦奇亚
1038307147,皓月仙族,2024-03-30,最新章节: 第139章 昆吾败退求援兵、刘岸意舍身阻敌,640000,323,5,"（传统修仙+家族流）日更四千偏群像
主角不是废灵根，是小天才
一块玉牌的爆发，将一个异世的灵魂卷入了紫澜修仙界的无尽虚空之中。
这个灵魂，曾是21世纪的一粒尘埃。
他在现代社会中浮沉，平凡而不起眼，却因一场意外，与那块神秘的玉牌结下了不解之缘。
如今，他穿越了时空的壁垒，来到了一个全新的世界——紫澜修仙界。
在这个世界中，修仙者是至高无上的存在，他们掌控着天地之力，追求着永恒的生命和无穷的道法。而这个灵魂，如今要以宇文家族的一员身份，踏上这条长生逍遥之路了。",修仙觅长生，热血任逍遥，踏莲曳波涤剑骨，凭虚御风塑圣魂！,0,1,"['仙侠', '修真文明']",1,1,640000,152,作者:紫岳山
1038307148,重生之勿晚爱,2024-03-21,最新章节: 岛的由来,27300,15,0,"来阅文旗下网站阅读我的更多作品吧！
现实题材，真实故事加玄幻加重生，人生没有重来，但是书里可以。
孝顺不能等，永远别做让自己后悔的决定
给你一个意想不到的结局！",展现源于现实生活的感动，敬畏生命，感恩人生，奋斗热诚。,0,0,"['现实生活', '家与情感']",0,1,27000,136,作者:邓孺懿
1038307153,这个美女不太二,2023-12-06,最新章节: 第三十八章 失去初吻，言欣薇嚎啕大哭,58900,86,0,来阅文旗下网站阅读我的更多作品吧！,青春年少，芳华正好，当赴一场浪漫邂逅！,0,0,"['浪漫青春', '青春校园']",0,1,59000,38,作者:不会飞的蚂蚁
1038307162,奶爸行者,2023-11-24,最新章节: 第三十章 姬雅,73500,36,0,"作为群穿新人
秦城拿到的是配角卡，还是早夭的
秦城表示不慌
能抱大腿就报大腿，不能抱大腿就双眼一闭，两腿一蹬，直接螺旋升天
穿越者同行拿到的都是ADC技能卡，秦城却逃脱不了奶爸的噩运，拿到的都是辅助技能卡
好吧，奶爸也分两种，一种叫做暴力奶爸，一种叫做叫做毒奶奶爸
秦城的所做所为，完美地诠释了什么叫做极品奶爸",魔兽践踏，巨龙咆哮，巫师诅咒，魔法璀璨之光照耀知识灯塔！,0,0,"['奇幻', '另类幻想']",0,2,130000,40,作者:煮不熟
1038307163,原神：怎么全是高难任务啊！,2024-03-24,最新章节: 6.深渊的计划,15100,13,3,"在提瓦特玩原神！？
这都是些什么坑爹任务啊！竟然让我从深渊教团手中劫走特瓦林！
……
……",热血的少年，为打破次元壁一往无前！,0,0,"['轻小说', '衍生同人', '轻小说']",1,2,81000,60,作者:哑谜谜
1038307171,山下有间电影院,2023-11-08,最新章节: 第19章 诶？我怎么死了？,40800,33,0,"青玄宗掌门最近很是苦恼，他门下的弟子，一个个都不好好修炼，成天想着偷偷下山。
暗中跟踪后，掌门发现，在他青玄山山脚下，出现了一家叫做影院的地方。
于是……
在《僵尸先生》剧情中，获得炼尸术。
在《笑傲江湖》中，习得葵花宝典！
在《风云》中，学会三分归元气。
在《聊斋》中，学会金刚法咒，索命梵音。
掌门怒了，这些东西，哪里比得上我！我才不要去看什么电影！
影院：大型玄幻连续剧，西游记，即将倾情上映！
掌门：真香，啊真香！",心潮澎湃，无限幻想，迎风挥击千层浪，少年不败热血！,0,0,"['玄幻', '东方玄幻']",0,1,41000,25,作者:书友已注销
1038307192,我在游戏长生不死,2024-02-01,最新章节: 第一百二十五章 猎枪,268700,722,0,"那一天，世界迎来了神之末日。
永远20岁的落星夜摆烂的躺在椅子上，想要给邻居家的普通小朋友讲述一个伤感的故事从而获取最后的情绪点。
“曾经有一个人，他的一生被无数的身份所包裹。”
在《激情方块》里他是游戏中的隐藏boss；在《精灵宝氪梦》里他是诱拐少女、忽悠玩家的逆天NPC；在《人生模拟器》里，他又是热衷于暗杀玩家的精神病……
他拥有着无穷无尽的生命，将一个又一个游戏熬至关服。
曾经和他亲密无间的猫咪最终化作了一堆尘土，曾经老是黏着他的少女最终踏入了冰冷的坟墓；记性不太好的他却时常会回想起那个想要实现梦想的绝症少年，时常想起每一个他所接触过的可爱的人们。
【悲伤的情绪点+66】
邻居家的普通小朋友抹了抹眼泪，拿出手机打开了他的游戏收藏夹，嘴里开始不停的嘟囔。
“大哥哥，你知道缘神吗？”
“什么玩意？”
“我是说……缘神，启动！”",肆意挥洒激情的游戏人生，打破现实框架的无尽幻想！,0,1,"['游戏', '游戏系统']",1,1,270000,71,作者:灵感哭姐
1038307222,让你给大帝算命！你说他今天头七,2024-01-31,最新章节: 第150章 尘归尘土归土，赵玄隐世（大结局）,395700,16,0,"前知五百年，后知八百载！
仰知天文，俯查地理，中晓人和！
明阴阳，懂八卦，晓奇门，知遁甲！
对于绑定了最强天机系统的赵玄来说！
天底下，就没有他不知道的事情！
大到诸天势力的讨伐争斗！
小到人与人之间的鸡毛蒜皮！
无所不知，无所不晓！
然而，赵玄没预料到！
他的第一个客人，就是一尊于七天前就陨落了的大帝！
大帝问：我的寿元几何？
赵玄略一思量：今天是你头七！
……
大帝魂魄飘散前，留给他一道玄天令！
在这以武为尊的玄幻世界，除了系统之外，赵玄也是多了一层保障！
殊不知，命运的齿轮开始转动！
这是一个普通的算命先生，崛起于微末之中的故事！",心潮澎湃，无限幻想，迎风挥击千层浪，少年不败热血！,1,1,"['玄幻', '东方玄幻']",1,1,400000,91,作者:天明就睡觉
1038307233,我家娘子洒的遍地都是,2023-10-30,最新章节: 第3章：气运学说,6225,11,0,"洛景身为洛家唯一嫡子，今日接到了家中大佬的命令：前往陈家提亲。
听闻那陈家之女乃天骄，洛景却对此嗤之以鼻，婚姻？婚姻那是男人的坟墓，傻子才结婚，我要开后宫！
直到抵达陈家，洛景惊恐的发现，这天骄之女竟与自己前世的妻子同名！不仅同名，长的还一模一样！
为了自己的小命，洛景决定推掉这门婚事，并且要隐藏好自己的身份！
——————
陈雨欣穿越了，本来打算一直单身下去的她发现，自己的丈夫似乎可能也穿越了，并且还来到家中与自己定亲？
陈雨欣决定，试探一下这个与自己丈夫同名的家伙。
于是——
妖娆多姿的魔教圣女。
俏皮可爱的仙道大小姐。
资质决定的粘人小乞丐。
一剑破天的高冷剑仙。
洛景如愿以偿的开上了后宫。
只不过......
洛景一头冷汗的看着众女，其背后那同源同根的雄厚气运之力，全都证明了一件事。
我开的后宫，其实全都是我妻子的分身。
手一哆嗦，手中的茶杯砰然落地，水花四溅，每一滴水珠都仿佛一颗眼睛，齐齐盯向了洛景。
洛景脸色顿时变得惨白：“坏了，我家娘子洒的遍地都是。”",心潮澎湃，无限幻想，迎风挥击千层浪，少年不败热血！,0,0,"['玄幻', '东方玄幻']",1,1,6225,18,作者:毛绒绒的狐仙
1038307239,型月：从成为永恒王开始,2024-02-20,最新章节: 孩子们，我回来了.jpg,367900,1623,3,"穿越到了五世纪的不列颠，继承了红龙之力，成为不列颠的天定之王。
而三座大山摆在萨麦尔面前。
因神代衰退而导致的土地退化；
伏提庚所领导的萨克逊人入侵；
以及大量魔兽的肆虐。
为了改变不列颠的现状，萨麦尔努力成长着。
多年以后。
成为复苏神代之人，永恒之王，根源眷爱之人，第六兽的萨麦尔驾临他忠诚的卡美洛。
“本王来不列颠就为了三件事。”
“公平！公平！还是公平！”",热血的少年，为打破次元壁一往无前！,0,1,"['轻小说', '衍生同人', '轻小说']",1,1,370000,115,作者:春日野白夜
1038307264,我在无限世界疯狂升级,2024-03-29,最新章节: 67.好好,132200,70,0,"“修之力三段！”
“恐怖如斯!恐怖如斯!”
“这个先记下来，说不定他就是主角呢!""
觉醒台前，一个黑发少年拿着笔记目光死死盯着上面，嘴里嘟囔着其他人听不懂的话语。
【您对其他人造成了小小的震撼】
【进化点加三】",穿梭在各种原创世界或者影视动漫中，打破空间壁，畅想诸天无限。,0,0,"['诸天无限', '无限']",1,1,130000,37,作者:已知今世
1038307267,自遮天开始诸天显圣,2024-03-26,最新章节: 第二百八十二章威慑至尊,578300,3111,140,"周显望着天穹上的九龙拉棺，默默的摸了摸手中的大奔钥匙。
这个世界太危险，还是去其他世界发育一波吧，那知竟是从一个坑进入另外一个坑中。
遮天、一世之尊、斗破苍穹、盘龙、神墓、星辰变、完美世界…………",穿梭在各种原创世界或者影视动漫中，打破空间壁，畅想诸天无限。,0,1,"['诸天无限', '诸天']",1,1,580000,137,作者:夜色无眠
1038307269,刀塔之黑铁时代,2023-11-10,最新章节: 11.中单核心，我带你赢。,34700,22,0,"”在最初，那是一个辉煌的年代，我们有最好的选手，最强的阵容，我们与世界为敌，我们说那是我们的黄金年代。“
“在然后，电竞在国内打开市场，掀起风潮，我们也涌现了一批惊才绝艳的选手，那时候我们还在捍卫着我们偶数年的荣光，那时候我们称之为白银年代。”
“然后呢？”
”然后啊……“
方灿摇了要头笑道：”然后我们的大厦崩塌了，在黄金年代的选手老去，白银年代的选手们也慢慢退役。“
那时候我们称为青铜时代。
再之后，就是现在。
俱乐部解散，当初炒起来的泡沫消散，资本离场，一切都回到了最初的样子。
”这就是黑铁时代。“",肆意挥洒激情的游戏人生，打破现实框架的无尽幻想！,0,0,"['游戏', '电子竞技']",0,1,35000,37,作者:玉兔星
1038307272,全民御兽：开局觉醒SSS天赋,2023-11-19,最新章节: 第十四章或许选择大过努力,30099,0,0,"简介：【灵宠】+【爽文】+【单女主】
未来世界，所有老式电子设备全被淘汰，取而代之的是各式各样的奇幻灵宠！
阶层也不再按财富划分，而是以你喂养灵宠的实力强弱来定！
在这里，你可以逆天改命！
会送外卖的速度袋鼠！
操控人心的黑暗蝙蝠！
以及拥有透视眼的快乐熊猫！
未知的世界等待你们的探索，欢迎来到灵兽世界！
“我，李霸叶！一名励志成为灵兽王的男人，却在不断的挑战过程中，发现了许多人被不明力量操控！
“预知详情，请看下回分解。”
“霸叶大神，您的致胜秘诀是什么？”
面对迷妹求知的眼神，他缓缓吐出一口烟雾，淡定抬手道，“我从没有什么秘诀，只是一名平平无奇的灵兽师小天才。”
众人………
在线等待投喂打赏，多多支持哦
喵！",重生过去、畅想未来、梦幻现实，再塑传奇人生！,0,0,"['都市', '异术超能']",1,1,30000,78,作者:蒙面之王
1038307281,商悟,2023-11-27,最新章节: 第四十八章 空降领导,45700,63,0,"商业，一场无硝烟的战争，将揭露了人性的善、恶、美、丑，
崔树仁以第三视角记录一代传奇商人孙德显的一生，同时探寻20年前的真相，最终发现惊天的秘密。",重生过去、畅想未来、梦幻现实，再塑传奇人生！,0,0,"['都市', '商战职场']",0,1,46000,27,作者:平凡态度
1038307284,有关爱情的几则短篇,2024-01-26,最新章节: 第5篇 迷茫,4018,6,0,来阅文旗下网站阅读我的更多作品吧,重生过去、畅想未来、梦幻现实，再塑传奇人生！,0,0,"['都市', '都市生活']",0,1,4018,3,作者:慢慢熬夜
1038307318,要做些什么,2023-10-30,最新章节: 做,2015,2,0,来阅文旗下网站阅读我的更多作品吧！,放飞幻想，关注现实，内容精炼，包含森罗万象。,1,0,"['短篇', '短故事']",0,1,2015,1,作者:LoreLoud
1038307329,星际纪元：人工智慧的觉醒,2023-12-31,最新章节: 第十章：全球发展伙伴计划,33500,8,0,"时间：公元2450年
环境：人类已经拓展至太阳系之外，建立了多个星际殖民地。地球联合政府（EarthUnitedGovernment,EUG）是最主要的政治实体，但边缘星系充斥着海盗和独立反抗势力。
科技：超光速旅行是可能的，人工智能与人类社会高度融合，机器人拥有与人类相当的智能。量子计算和纳米技术是日常技术。",星海漫游，时空穿梭，机械科技，目标是未知的星辰大海！,0,0,"['科幻', '星际文明']",0,1,34000,4,作者:小小作家努力努力
1038307350,四合院：我能掠夺技术,2023-11-22,最新章节: 第32章 旖旎心思,65500,157,0,"钟辉做了易中海三天徒弟，就被易中海以他太笨为由逐出师门。
并且不愿意退还三百块的拜师费，四处宣扬是他的蠢笨。
钟辉获得了掠夺融合系统，夺走易中海的八级钳工。
刘海中处处针对？夺走他的六级锻工。
何雨柱没事找茬？夺走他的厨艺。
从此，走他们的路，让他们无路可走！",穿梭在各种原创世界或者影视动漫中，打破空间壁，畅想诸天无限。,0,0,"['诸天无限', '无限']",1,1,66000,21,作者:含眠而睡
1038307367,电子神仙传,2023-11-25,最新章节: 第2章 我能偷偷印卡,4042,2,0,"当科技发展到极点，古代的仙神便会随之而降临，他们将会以怎样的方式呈现在人们的面前，又会带来怎样的改变？
【抽电子香烟，比拼赛博神仙】",星海漫游，时空穿梭，机械科技，目标是未知的星辰大海！,0,0,"['科幻', '未来世界']",0,1,4042,5,作者:倒拔杨柳林黛玉
1038307368,兽语者,2023-11-17,最新章节: 第二章，铁手,2926,2,0,来阅文旗下网站阅读我的更多作品吧！,重生过去、畅想未来、梦幻现实，再塑传奇人生！,0,0,"['都市', '青春校园']",0,1,2926,6,作者:超级拖延者
1038307375,斗罗：一把杀彘刀，砍翻全世界！,2023-11-11,最新章节: 24.萧昱传说(求首订),51700,0,0,"穿越斗罗大陆，开局一把杀彘刀，一个绝对免疫控制的死不了体质，砍翻斗罗所有人。
小小双神位唐三，也敢在我面前猖狂，看我杀彘刀，白刀子进红刀子出！
唐昊昊天锤大陆第一器武魂？杀彘刀可破！
修为再高，也怕杀彘刀！",热血的少年，为打破次元壁一往无前！,1,1,"['轻小说', '衍生同人', '轻小说']",1,3,550000,297,作者:一念千里A
1038307385,超凡异类者,2023-12-03,最新章节: 第六章 战甲,14600,8,0,联盟403年，人类在狂血人的双科技支持科技等级迅速提升进入科技大爆发并且研发出新型战甲。大量模块纳米拟态化，使战甲拥有更多功能的同时性能得到优化。与此同时在狂血人所剩不多的能晶支持下紫星第一批觉醒了超凡者和特殊超凡者，为特殊超凡定制了特殊战甲。经过一段时间霖雨在联盟的安排下驾驶飞船跃迁进入狂血星系测试联盟刚研发出拟态系统时由于未知原因来到拟态星系被大量拟态生物攻击最后被吞噬拟态所吞噬。当他醒来时发现自己已经不在原来的世界。,修仙觅长生，热血任逍遥，踏莲曳波涤剑骨，凭虚御风塑圣魂！,0,0,"['仙侠', '幻想修仙']",0,1,15000,5,作者:燚条鱼
1038307404,火星保卫,2023-11-01,最新章节: 第九章 逃窜,26400,15,0,外星人率领舰队袭击了人类在火星的基地，而且他们还扬言要进攻地球，奴役人类，一场人类保卫战正式打响......,星海漫游，时空穿梭，机械科技，目标是未知的星辰大海！,1,0,"['科幻', '星际文明']",0,20,890000,245,作者:历年琐事
1038307405,蔚蓝季节,2023-11-15,最新章节: 第二十六章 我可以爱上别人吗？,16800,21,0,"苏蔚的骨子里是孤独的，她清冷又热烈，过早失去母亲让她愈发孤僻，面对季向之的温暖，让她情不自禁深陷其中。
季向之是所有人眼中的天之骄子，但是他又有不为人知的一面，他疯狂的爱上自己的妹妹，知道真相后想要放手，却情难自抑。",青春年少，芳华正好，当赴一场浪漫邂逅！,0,0,"['浪漫青春', '青春疼痛']",0,2,23000,13,作者:援笔立就
1038307425,请再见一面,2023-12-10,最新章节: 第三章,7715,0,0,来阅文旗下网站阅读我的更多作品吧！,青春年少，芳华正好，当赴一场浪漫邂逅！,0,0,"['浪漫青春', '青春疼痛']",0,1,7715,3,作者:岁岁梦
1038307433,诡秘之初,2023-12-25,最新章节: 第三十八章 洛黎不对劲,91500,65,0,"新人作品，请多多支持【爽文+悬疑烧脑+反转】
人一旦有了绝对的实力，埋藏在心里的欲望便会毫无保留的释放出来。
神梦大陆形成之初，万物一片祥和，人类和动物们无忧无虑的生活在大陆上。
这一祥和的景象持续了数万年之久。
直到有一天，某个人在偶然间发现，在这片天地之间，飘荡着肉眼看不见的灵气。
他试着将这些灵气吸入体内，却差点被撑到爆体而亡。
但侥幸活下来的他，竟然发现这些灵气不仅可以增强自身的体质，还能演化出神通。
他成为了人类的领袖，带领着人类征战四方，征服了整片大陆。
人类走上了修炼的道路，从此他被后人尊称为道祖。
在他去世后，人类为了决定谁能继续统治这片大陆而争吵不休，到最后演变成了不断的战争。
为了能战胜对方，人类开始不断推演出新的修炼方式，从此便有了派系之分。
修炼之路也一分为七，七个派系慢慢发展壮大。
七个派系分别为武者、魔法师、毒师、御兽师、灵师、道门以及佛门。
人类的战争便是围绕着这七个不同的派系。
而这里，就是梦最开始的地方！",心潮澎湃，无限幻想，迎风挥击千层浪，少年不败热血！,0,0,"['玄幻', '异世大陆']",0,1,92000,88,作者:南边的粉
1038307438,我在年代开外挂,2024-01-17,最新章节: 村卫生室,9114,13,0,来阅文旗下网站阅读我的更多作品吧！,星辰破晓，灵魂展翼。追寻宇宙的奥秘，直面未知的挑战。,0,0,"['科幻空间', '时空穿梭']",0,1,9114,6,作者:不是咕咕咕
1038307461,天纵奇子,2024-03-30,最新章节: 第三十五章 两界山,114400,17,0,来阅文旗下网站阅读我的更多作品吧！,修仙觅长生，热血任逍遥，踏莲曳波涤剑骨，凭虚御风塑圣魂！,0,0,"['仙侠', '修真文明']",0,1,110000,86,作者:往事多余
1038307476,带着狗系统，去不同的世界打工,2023-11-28,最新章节: 开启了,6986,6,0,来阅文旗下网站阅读我的更多作品吧！,浩瀚世界，无边岁月。漫云女子不英雄，万里乘风独向东！,0,0,"['玄幻言情', '异世大陆']",0,1,6986,5,作者:小白菜吃
1038307521,玄零凡,2024-03-18,最新章节: 第四十四章 奇怪的守护者,115100,10,0,黑暗寒冷的雷雨夜晚，一个身上被钉入十根诡异钉子的少年从天上坠下，他的记忆被抹去，性格被改变，实力被封印，等待他的，只有漫长的黑夜。,心潮澎湃，无限幻想，迎风挥击千层浪，少年不败热血！,0,0,"['玄幻', '东方玄幻']",0,2,130000,53,作者:苍零天
1038307528,狂想笔记,2023-12-26,最新章节: 第十六章 结界扩大,36300,84,0,我是个精神病，因为我身边的人都是这么认为的，所以我就是精神病了。至于原因嘛，不就是我能看到他们看不到的，听到他们听不到的，说的话是他们听不懂的，真是可笑，不，或许，我真的有病?,心潮澎湃，无限幻想，迎风挥击千层浪，少年不败热血！,1,0,"['玄幻', '高武世界']",0,1,36000,20,作者:孤寡老人看日落
1038307540,修仙班级日志,2023-11-17,最新章节: 恶战巨影傀,27400,18,0,"少年鬼狐琊历经磨难，掌握轮回大道，看破仙路之源。
术法，灵兽，傀儡，乾坤，阴阳，命运，一切尽在掌握。友情，亲情，爱情，一切不曾抛弃。
变强的道路上阴暗，艰险，所有的荆棘终将被折断。
你听，由无数声音组成的命运之钟又在回响了。",修仙觅长生，热血任逍遥，踏莲曳波涤剑骨，凭虚御风塑圣魂！,0,0,"['仙侠', '幻想修仙']",0,1,27000,10,作者:厌胜书玄
1038307543,我只想过逍遥自在的生活,2024-01-02,最新章节: 第十五章 培养青莲,35900,13,0,"劫量起，万灵灭
众生至，烬自身
五行出，平仙劫
那是最好的时代，也是最坏的时代，无人不是绝代天骄，却从未有人能够逍遥自在的活着。在追寻的路上，也许我们早已偏离了当初的轨道。",修仙觅长生，热血任逍遥，踏莲曳波涤剑骨，凭虚御风塑圣魂！,0,0,"['仙侠', '幻想修仙', '轻小说']",0,0,0,0,作者:无
1038307554,此身覆天,2023-12-08,最新章节: 第十一章 权利,22900,273,0,"大家都努力的活着，努力的快乐着，努力的不被情绪所左右着。
他们好像都有着自己的目标。
而我，好像当真与这世界格格不入，我不知道我的目标在哪，我不知道我该为了什么要去面对那些我认为的无所意义的，生活。
我的人生就是个彻底的悲剧，而这个悲剧被我不断的续写着，至今没有终结。",魔兽践踏，巨龙咆哮，巫师诅咒，魔法璀璨之光照耀知识灯塔！,0,0,"['奇幻', '另类幻想']",0,1,23000,10,作者:北鼎南词
1038307556,阴阳提灯人,2024-03-30,最新章节: 第二百一十二章 回到幕城,708000,3012,161,"点燃蜡烛，提起灯笼，灯光照耀之下的世界将呈现出它真实的一面。
【本书黑暗向。】
陈宁安，卜算天才死后重生，山医命卜相，卜可通鬼神，于灯笼世界之中卜吉凶前行。
废旧老屋的房梁，神秘的书籍，超凡的钥匙……
“卦象今日往南，大吉利。”
“卦象今日忌水，不可前行。”
“鬼卦！危！速请神临！”
若无正神道，便以人体作大符，性命作法力。",考古探险、鉴宝收藏，侦探推理、诡秘分析，戏说传承古今中外的民间悬疑文化！,0,1,"['悬疑', '探险生存']",4,3,2860000,923,作者:晨曦于乾
1038307558,旅途1黎明,2023-11-11,最新章节: 旅途开始,1785,3,0,来阅文旗下网站阅读我的更多作品吧！,心潮澎湃，无限幻想，迎风挥击千层浪，少年不败热血！,0,0,"['玄幻', '异世大陆']",0,2,34000,17,作者:那一朵带刺的玫瑰
1038307577,我的生活不可能这么有趣,2024-03-25,最新章节: 饭店也只是交际场所,16900,4,0,"高中生，高一下学期，而张鸣枫是一位阴暗的人，他上半学期没有结交什么朋友，所以导致自己在下学期还是每天如此度过自己的一天。
但是就在23号的日子里面，他的这种安静阴沉的生活被打破了，被一位转学生打破了，因为是转学生，所以什么也不知道，而他的旁边刚好有座位，身为同桌她肯定会问话，张鸣枫一开始并没有理她......",热血的少年，为打破次元壁一往无前！,0,0,"['轻小说', '原生幻想', '轻小说']",0,2,33000,18,作者:啸晓就好
1038307580,棱界新生,2024-03-18,最新章节: 第十五章：十七岁的漫春花,58800,22,0,"棱界大陆，风云变幻。
某天，一名普通的高中生在家一如既往地玩着他所酷爱的游戏，然而，一股神秘的涡流，改变他的人生走向。
等他睁眼醒来，眼前的种种景象无不使他震惊，他来到是与他原先世界平行的“游戏世界。”
这是“棱晶”主导的世界，圣坛缔约，学者研究，沉沦升阶，正当他以为一切会顺利地进行下去的时候，一场变故正悄然来临……精通游戏设定的他又该如何应对？
棱界再次苏醒，此世即是新生。",心潮澎湃，无限幻想，迎风挥击千层浪，少年不败热血！,0,0,"['玄幻', '异世大陆']",0,1,59000,21,作者:落雨空嬉戏
1038307596,神明当久了也会疯,2024-01-08,最新章节: 万物皆起源,208900,11,0,"被系统强制绑定的唐安，被迫拯救崩坏男主，不过没事，她最擅长给全世界的帅哥们一个家！
世界一：因为宗门灭门所以黑化崩坏世界？OK她先灭仇人满门，一边寻宝献师尊一边一刀一个仇家！
世界二：因为重生反派所以家破人亡？OK她立刻给反派使绊子，谁敢拦她男主路！！
世界三：因为遭学生陷害污蔑走投无路自尽？OK她为她的先生正名，都TM送去监狱报道吧！！！
........
只是她没想到自己操作太6，一套流程下来，崩坏男主们竟脱离剧情只想和她双宿双飞？！
男主们：宝贝，你说过不会离开我的，说好了陪我一辈子的。
唐安：不好意思，咱是事业型人格。
系统：其实……宿主谈个恋爱也没问题哒。",星辰破晓，灵魂展翼。追寻宇宙的奥秘，直面未知的挑战。,1,1,"['科幻空间', '时空穿梭']",1,1,210000,88,作者:酒香的猫
1038307624,疯了，熊猫决战银河之巅,2023-11-16,最新章节: 第三十四章 月壤岐山二十八将,114800,37,0,底层打工仔，加班猝死，穿越到了大熊猫身上，爱吃播，爱唱歌，爱唠嗑，爱华子，甚至爱美女，瞬间成为顶流，后来逃离动物园，出海遇灾难，不得已荒野求生，遇火山爆发，漂流到了海上，过百慕大穿越到未来世界。遇追杀，四处躲避，破神秘人阴谋，驾驶曲速飞船遨游银河系，以八百克隆人分队，征战各地，建立不世功勋，开创大一统星际联邦，男主是为太祖,热血的少年，为打破次元壁一往无前！,1,0,"['轻小说', '原生幻想', '轻小说']",0,1,110000,32,作者:应天门下的闲鱼
1038307628,无敌宝贝的故事,2024-03-26,最新章节: 第二十章苏醒,15300,16,0,来阅文旗下网站阅读我的更多作品吧！,重生过去、畅想未来、梦幻现实，再塑传奇人生！,0,0,"['都市', '都市生活']",0,1,15000,22,作者:无敌宝贝
1038307629,天清神纪,2024-02-26,最新章节: 第十七章 引咎自责,72800,22,0,"这里是神族，也有一年四季的光阴，但是时间可能和人族的时间不太一样，因为天上的一天，是地上的一年，这里是当时天世之帝在昆仑山用精魄滋养的后来有了神族，再有仙族，妖族，魔族，人界，冥界。
但是神族没有所谓的长辈尊优，这里只有战绩，功勋，这里的人心里都是大爱，爱世人，爱众生
开始神族掌管：仙族，妖族，魔族，人族，冥族
起初每个族人大家关系都挺好的，
可是后来魔族内乱，老魔神遇害，诞生了新的魔神，差点毁了仙界和妖界生亡，要称霸这六界
于是魔族成了所有族中的公敌",修仙觅长生，热血任逍遥，踏莲曳波涤剑骨，凭虚御风塑圣魂！,0,0,"['仙侠', '古典仙侠']",0,1,73000,18,作者:沈星南
1038307637,训练员从对霸凌重拳出击开始,2023-11-09,最新章节: 第十章：大师姐，你说的那个朋友是不是你自己？（3）,21800,15,0,"本文包括但不止拥有以下不可不尝的特色：时间线混乱，主要角色并不一帆风顺（但一定是好结局）
如果能接受这毒点的话，希望您可以阅读到一段（许多段）与青春有关的热血故事以及单身狗作者尽力描写的修罗场日常。",热血的少年，为打破次元壁一往无前！,0,0,"['轻小说', '衍生同人', '轻小说']",0,1,22000,13,作者:活着就是为了大进
1038307641,我只是一个小小道士并没有修仙,2023-11-11,最新章节: 重建道观,6495,7,0,来阅文旗下网站阅读我的更多作品吧！,修仙觅长生，热血任逍遥，踏莲曳波涤剑骨，凭虚御风塑圣魂！,0,0,"['仙侠', '现代修真']",0,1,6495,6,作者:作家VC9kRT
1038307656,从斩妖除魔开始长生不死,2024-03-30,最新章节: 第三百七十五章 你去干掉沈仪,821100,204500,16400,"消耗寿元灌注武学，可无限进行推演。
沈仪凡人之躯，寿数不过百年，所幸可以通过斩杀妖魔获取对方剩余寿元。
在邪祟遍地的乱世中亮出长刀，让这群活了千百年的生灵肝胆俱裂！
从【鹰爪功】到【八荒裂天手】，从【伏魔拳】到【金身镇狱法相】！
沈仪偶尔也会沉思，这寿命怎么越用越多了？
他收刀入鞘，抬眸朝天上看去，听闻那云端之上有天穹玉府，其内坐满了千真万圣，任何一位都曾经历无尽岁月。
此番踏天而来，只为向诸仙借个百万年，以证我长生不死大道。
……
此书又名《让你氪命练武，你氪别人的？》、《道友请留步，你的寿元与在下有缘》。",心潮澎湃，无限幻想，迎风挥击千层浪，少年不败热血！,0,1,"['玄幻', '东方玄幻']",5,1,820000,153,作者:陆月十九
1038307660,余晖下的希望,2023-11-20,最新章节: 第三章，磁合粒子,6208,13,0,来阅文旗下网站阅读我的更多作品吧！,星海漫游，时空穿梭，机械科技，目标是未知的星辰大海！,0,0,"['科幻', '末世危机']",0,2,51000,9,作者:黑色卡片
1038307683,赛博朋克：零号,2023-11-30,最新章节: 第二十三章：目标：脱离詹金斯,79000,51,0,"作为一名新人作者，酝酿了很久后决定写一本赛博朋克2077的同人文章，没有后宫没有金手指，尽量贴近游戏和桌游的背景设定，尽量大脑和逻辑在线，如有意见请多多指教。
新人首作，请轻喷，谢谢大家。",星海漫游，时空穿梭，机械科技，目标是未知的星辰大海！,0,0,"['科幻', '未来世界']",0,1,79000,16,作者:夜城的赛博精神病
1038307691,给予明天,2023-12-24,最新章节: 第五章,5363,10,0,在这个没啥用的世界，一个来自孤儿学院的人，妄想躺平，这个世界是不会允许的,心潮澎湃，无限幻想，迎风挥击千层浪，少年不败热血！,0,0,"['玄幻', '异世大陆']",0,1,5363,5,作者:我白起来啦
1038307696,我死后被绑定了恋爱脑系统,2023-11-07,最新章节: 第四章：我成了王爷的小妾（三）,8889,0,0,萧晚听是一名女法医，在一次外出执行任务时，不幸被炸弹炸死，死后，恋爱脑系统看在她母胎单身26年的份上，强行与她签约，并要让她也成为念爱脑穿梭各个世界执行任务来换取灵魂值和各种奖励！,重生花样年华，玩转市井豪门，携手逆袭人生，共揽一世风云！,0,0,"['现代言情', '都市异能']",0,1,8889,8,作者:咩小咪
1038307699,神临之全球进入虚拟游戏,2023-11-20,最新章节: “第三章 突袭与对峙”,5426,9,0,在末世，外域星球的物种突然袭击，现代的科技对其造成不大的影响。突然，有一天，所有人的脑海中出现了来自于神的指示，并且眼前出现了一个游戏界面。这天，将是改变蓝星命运与人类命运的转折点......,肆意挥洒激情的游戏人生，打破现实框架的无尽幻想！,0,0,"['游戏', '虚拟网游']",0,1,5426,9,作者:轻风散人
1038307700,大海的鱼,2023-11-16,最新章节: 我不是主角，只希望明天更好,2003,2,0,来阅文旗下网站阅读我的更多作品吧！,关注社会百态，呈现精彩人生，讲好现实故事,0,0,"['现实', '青年故事']",0,1,2003,1,作者:G.1b0y
1038307705,规则怪谈简笔录,2024-02-20,最新章节: 诈尸,358600,782,4,"《规则怪谈简笔录》阅读注意事项：
1.本作品有仅且仅有两位主角，并一男一女。
2.阅读过程中出现不悦、不满、皱眉、烦躁、恐惧是正常现象。退出即可。
3.二刷或多刷过程中发现规则与记忆中不符是正常现象。正常阅读即可。
4.最新卷未完结，却发现更新的分卷是正常现象。无视即可。
5.已完结的分卷里，忽然出现新的章节是正常现象。正常阅读即可。
6.若您已追更到最新章节，翻目录时却发现有未曾读过的章节是正常现象。正常阅读即可。
7.发现作者在异常分卷里写出难以理解的内容是正常现象。无视即可。
8.发现作者在单章里自言自语是正常现象。无视即可。
9.作者点赞评论并非暗示该评论所述的推论是正确的。互动而已，以正文为准。
10.作者停更或爆更都是正常现象。
11.本作品将会在最后一位读者离开后完结。
12.目前已完结可食用：崇文高中，甜心公寓，气象电台",考古探险、鉴宝收藏，侦探推理、诡秘分析，戏说传承古今中外的民间悬疑文化！,0,0,"['悬疑', '诡秘悬疑']",0,2,420000,83,作者:九又二分之九
1038307733,桃枝诺,2024-03-28,最新章节: 第四章,7030,6,0,来阅文旗下网站阅读我的更多作品吧！,短篇,0,0,"['短篇', '生活随笔']",0,2,83000,43,作者:小阳最好
1038307734,一些记忆无端在脑中浮现,2023-11-11,最新章节: 湍流渐缓将涸1990,7686,2,0,在过去某天因为午后阳光和洛丽塔印象残留而诞生的产物，在某些烦恼和愁闷的氛围里记录下的句子的扩写。,短篇,0,0,"['短篇', '短篇小说']",0,2,130000,36,作者:Nicco乃卿
1038307759,她充斥着谎言的一生,2024-02-22,最新章节: 第4章 爱君新紫衣,7597,6,0,"新婚第一年，杨泋陪同陈谨则参加家庭聚餐时，偶遇了时隔三年未见的林洌。和善的寒暄后，他质问杨泋，是计划像丢掉过去的不堪一般彻底摆脱掉他。
二十二岁过后，生命对于杨泋来说或许无足轻重，苦难情节的反复上演麻木着精神灵魂，直至陈谨则的消失又出现。
真正的爱是保护还是拥有，舍不得触碰即便一无所获，亦或是占据无论分拆带段。",,0,0,"['轻小说', '其他衍生', '轻小说']",0,1,7597,13,作者:不下工地就搞勘探
1038307769,亘古神棺,2023-12-07,最新章节: 第13章 魔兽入侵,26100,10,0,人若犯我礼让三分，人在犯我，送他归西。一人一棺，傲世仙凡间！,心潮澎湃，无限幻想，迎风挥击千层浪，少年不败热血！,0,0,"['玄幻', '异世大陆']",0,1,26000,10,作者:秀心语默
1038307771,无界之谈,2024-03-04,最新章节: 第十三章 恶魔,56500,40,0,两个经历，性格差不多的少年因为一些事相遇，从相识到相知，期间遇到了一个风流少年，和一个酒馆的掌柜，四个废柴从此绑定在了一起，他们经历仗剑走天涯，一起冒险，直到有一天……,修仙觅长生，热血任逍遥，踏莲曳波涤剑骨，凭虚御风塑圣魂！,0,0,"['仙侠', '神话修真']",0,1,57000,21,作者:寻神者
1038307849,古剑仙,2024-03-10,最新章节: 第2章 大变天,5290,3,0,来阅文旗下网站阅读我的更多作品吧！！！！,修仙觅长生，热血任逍遥，踏莲曳波涤剑骨，凭虚御风塑圣魂！,0,0,"['仙侠', '神话修真']",0,1,5290,8,作者:巽无风
1038307866,逆转98，我的互联网时代,2024-03-30,最新章节: 第267章 十拿九稳,680600,1956,111,"这是个互联网创业的故事。
没有系统，没有外挂，普通人重生后，真的能够纵横捭阖、叱咤风云吗？
程序员王景明重生回1998年。
这一年他还只是个刚上中学的初中生，没钱没人没资源，甚至连张身份证都没有。
一个普通人，面对即将崛起的中国互联网，他该怎么参与？
多年后，一群键盘侠在网上对着王景明评头论足。
路人甲：“看了他的发家史，感觉我也能成世界首富。”
路人乙：“这个狗币为什么运气那么好，每次都能做出最正确选择？”
路人丙：“我要举报，这人就是穿越者，请求国家彻查！”
众人：“……”",重生过去、畅想未来、梦幻现实，再塑传奇人生！,0,1,"['都市', '都市生活']",1,1,680000,167,作者:半吨蘑菇
1038307873,S级：我生来就要当最强,2023-12-12,最新章节: 第二章：流云,4435,4,0,来阅文旗下网站阅读我的更多作品吧！,魔兽践踏，巨龙咆哮，巫师诅咒，魔法璀璨之光照耀知识灯塔！,0,0,"['奇幻', '另类幻想']",0,3,27000,34,作者:一丶一横长
1038307925,日行一事,2024-01-02,最新章节: 第一章 小故事,1101,23,0,"修行之路分两条
一条天道无上，承载无敌！
一条大道登天，比肩齐天！
就算是天弃人厌的体质，也要走出自己的无敌路，少年云浩踏入修行之路，因体质特殊，师尊弃他而去，偌大的北灵界，再无亲人好友，一个人摸爬滚打，踏入修行之旅，身负传说中的无上古血，凭借逆天运气，一路各种捡宝，结挚友、识佳人、承造化、遭追杀、颠沛流离，终于……
“哈哈哈哈，什么巅峰，什么无敌，都是假的，所有的一切，都是假的！”",心潮澎湃，无限幻想，迎风挥击千层浪，少年不败热血！,0,0,"['玄幻', '异世大陆']",0,1,1101,14,作者:宿雨寒朝
1038307945,听我心声后，反派沉迷崩剧情,2024-03-27,最新章节: 第二百五十一章这世上根本就没有解药,514500,353,5,"【穿书+读心术+反派+逆袭+1V1双洁+沙雕+团宠+甜宠】
穿成书里反派暴君的炮灰贵妃，在暴君死后还要给他陪葬？
程槿：“我有密集恐惧症，主角团的心眼子太多我害怕。”
自请去冷宫被拒，还成了暴君身边离开不得的宠妃？
程槿只想保全自己，带着全家全身而退。
【爹啊，可怜你忠心耿耿一心为国，却不被中用，君臣离间，死在御前。】
【娘啊，爹真的只爱弹劾不爱养外室，不要轻信了别人的话。】
【哥啊，你上阵杀敌，英勇无比，却交友不慎被人陷害卖国通敌五马分尸啊。】
程家众人：“！！！”
鉴小人，找内鬼，誓死也要将程槿救出如火如荼的后宫。
为了自己和全家活命，她化身舔狗+戏精与暴君周旋，看到暴君微皱眉头，她悲愤欲绝痛不欲生。
“皇上，你难道厌恶臣妾，要离开臣妾了？”
【你要离开我？别走好吗？飞起来。】
听到心声的暴君：“？？？”
“怎么会？朕三宫六院，只你一人。”
程槿看着本该全家惨死越过越红火的程家，本该厌恶自己却缠着自己的暴君。
程槿:！！！
这怎么跟书里说的不一样啊！",青砖绿瓦，陌上花开香染衣；朱门紫殿，素手摘星霓作裳。,0,1,"['古代言情', '宫闱宅斗']",1,2,670000,222,作者:桑梨木
1038307975,一千零一次穿越,2024-02-26,最新章节: 第三十九章 电影院里的惊讶,84400,35,0,"慕阳得到时间之神的帮助，穿越回去弥补自己在未来所错过的遗憾。
如果能回到过去，哪怕只有一秒种，我也一定会紧紧抓住你的手，再也不会放开，直到天涯海角，直到海枯石烂。",热血的少年，为打破次元壁一往无前！,0,0,"['轻小说', '恋爱日常', '轻小说']",0,1,84000,80,作者:神奇的大棒棒糖
1038307979,修仙从皇子开始,2023-11-30,最新章节: 第48章 殉情,39300,69,0,"大周243年，天灾人祸，民不聊生，千里饿殍，异子而食。
关鸿很慌，他只是眼一睁一闭，就变成了这个烂到骨子里的大周三皇子。
关鸿：有没有人教教我该怎么活下去，在线等，挺急的。",修仙觅长生，热血任逍遥，踏莲曳波涤剑骨，凭虚御风塑圣魂！,1,0,"['仙侠', '幻想修仙']",0,1,39000,15,作者:黑发穿过我的手
1038308000,军火从中东鬣狗开始,2024-03-30,最新章节: 第293章：商谈合作,624800,1465,24,"记者：肖恩先生，人们总是会说，是您把战争带到了全世界，对此您是怎么看的？
肖恩：No，我想这是人们对我最大的误解，实际上我是个坚定的和平主义者，我希望世界和平，并且正为这个目标而努力着！",重生过去、畅想未来、梦幻现实，再塑传奇人生！,0,1,"['都市', '商战职场']",1,1,620000,152,作者:曜仔不睡觉
1038308032,北城飞将在,2024-01-07,最新章节: 危机重重,80399,12,0,一名饱经风霜摧残报国无门几近绝望的年轻军人在机缘巧合之下迎来了重大转机。复仇的强烈欲望驱使他运筹帷幄、步步为营，凭借自己的努力筹建起了一支由精兵强将组成的精锐之师，在乱世之中杀日寇，除奸佞，保家园！,热血战斗，保家卫国，誓死守护，傲骨无双铸军魂！,0,0,"['军事', '抗战烽火']",0,1,80000,10,作者:东岭以
1038308035,御兽：能看到进化路线的我无敌了,2024-03-30,最新章节: 第178章 乔白：谎言的最高境界就是无需解释自行脑补！小乌掉毛了！,1245100,6751,299,"乔白一觉醒来，重生？穿越？
御兽世界？超凡力量？
弱小的宠兽？
普通的进化路线？
不不不！
天赋【洞察之眼】启动！
多年之后——
乔白迷茫的站在世界之巅
乔白：如果我说我一开始真的只打算当一个普通御兽师，你们相信吗？",重生过去、畅想未来、梦幻现实，再塑传奇人生！,0,1,"['都市', '异术超能']",3,1,1250000,174,作者:光阴入睡
1038308039,凉薄故人心,2023-11-14,最新章节: 第19章：新婚第二日（四）,38200,22,0,"（本文向经典仙侠小说《花千骨》致敬）
前世，她那么爱他，他却未能亲耳听到她说一句我爱你，因为他是她的师尊，也是以守护苍生为己任的司战神君，他在苍生与她之间，选择了苍生。她说，他从始至终都不信她。她逼他杀了她，然后诅咒他不死不灭。他亲手杀了自己最爱的人，彻底疯魔。
好在，她是天地意志的化身，即便魂飞魄散，也有魂魄重新凝聚的一天。
今生，她要什么他都给她，爱也好，人也罢，都给她。可是为什么曾经善良纯粹的她，会逐渐变得面目全非？他不知道，情爱本就凉薄，她往昔爱他爱得那么深，本就不是因为爱情，而是因为他是她的师尊，他以天下苍生为己任，她尊敬他，她向往他，哪怕他伤她杀她，她的信仰也依旧是他，从未变过，只是她后来执念太深，误以为自己想要的是与他长相厮守。
他如今爱她，也是因为曾经的她给了他一场最刻骨铭心的深情，是因为她曾是与他朝夕相处的小徒弟，是因为他知晓她本性曾有多么善良纯粹。
她不懂他的深情，他的执念，他的心魔，他的爱恨，她只是享受，不顾他的痛苦，不顾他的生不如死，在他的心尖上起舞。",仙路缥缈，清歌踏月上九天；云山万劫，一剑天光问情缘。,0,0,"['仙侠奇缘', '仙侣奇缘']",0,2,46000,168,作者:朱和
1038308043,是那位位面至强者,2023-11-10,最新章节: 第10章 魔法等级测试,42600,10,0,来阅文旗下网站阅读我的更多作品吧！,心潮澎湃，无限幻想，迎风挥击千层浪，少年不败热血！,0,0,"['玄幻', '异世大陆']",0,3,63000,17,作者:匿名战神
1038308076,廿时,2023-12-25,最新章节: 第三十一章,68200,20,0,来阅文旗下网站阅读我的更多作品吧！,关注社会百态，呈现精彩人生，讲好现实故事,0,0,"['现实', '人间百态']",0,1,68000,7,作者:作家yNhAna
1038308104,我在东京养恶灵,2023-12-30,最新章节: 第五十一章 车祸，暂时割了,187399,84,0,"神明不显，万法皆虚，世道沉沦，恶灵当道。
林白川以灵异为养料，以万千恶灵为宠物，成恶灵之主。
他就是这世间最强大的恶灵！",热血的少年，为打破次元壁一往无前！,1,0,"['轻小说', '原生幻想', '轻小说']",1,3,1150000,241,作者:长歌恣意
1038308127,地月星战虫传,2024-01-14,最新章节: 第三十七章 地下洞穴,126300,168,0,"以星际争霸游戏为背景，星际虫族来袭，人族抗争不休，结合星际战争+战甲+源能，小人物楚振岳通过训练并使用蓝晶矿能量潜能觉醒成为星际战士，从而进化到人族巅峰战力的的故事。
有热血的战斗，有似水的柔情",星海漫游，时空穿梭，机械科技，目标是未知的星辰大海！,0,0,"['科幻', '进化变异']",0,1,130000,36,作者:星月小虫
1038308142,神秘复苏：从凯撒大酒店开始,2024-01-05,最新章节: 第六十八章 安心的改变,180000,5299,0,"神秘复苏同人。
这是一个从凯撒大酒店逃出来的人的故事。",考古探险、鉴宝收藏，侦探推理、诡秘分析，戏说传承古今中外的民间悬疑文化！,0,1,"['悬疑', '诡秘悬疑']",3,2,1430000,359,作者:黄金盒
1038308161,永生未界,2023-12-14,最新章节: 第十章 系主,10100,13,0,因未来实验研究郑名被传送，在未来见识有各种各样的永生种和各种各样的高科技。见识未来打战不是一个人一台机甲或几艘飞船，而一人便是一军，一人便是一厂。,星海漫游，时空穿梭，机械科技，目标是未知的星辰大海！,0,0,"['科幻', '未来世界']",0,1,10000,11,作者:别想太多了你
1038308162,穿过躯壳,2023-11-19,最新章节: 县城善后,6475,11,0,"余烬仍未燃尽，躯壳即将燃烧
已沦陷的某市，爬出一个人。
或许他能穿过这些躯壳，燃烧文明的余烬。",星海漫游，时空穿梭，机械科技，目标是未知的星辰大海！,1,0,"['科幻', '末世危机']",0,4,45000,19,作者:安保大队肆拾伍
1038308176,这个医疗不正经,2023-11-07,最新章节: 9 手笔,11000,8,0,来阅文旗下网站阅读我的更多作品吧！,肆意挥洒激情的游戏人生，打破现实框架的无尽幻想！,0,0,"['游戏', '游戏异界']",0,1,11000,8,作者:皮一样的系统
1038308187,夜明日,2024-03-05,最新章节: 006 烟,19800,9,0,"若这个世界没有太阳，只有月亮，若这个世界只有黑夜，没有白天，你会怎么办？
……
不知何时起，世界仿佛失去了黎明和阳光，陷入永夜的泥沼。科学家们用尽各种方法都找不到太阳在哪？仿佛从未存在过，而元星还在按照固定轨道围绕着消失的恒星运转，以及在元星的任意地点都能看到月球，各种动植物生物生长完全不受其影响，等等非正常现象依次出现，打破了唯物主义科学的定律。
当人们不再沐浴在温暖的阳光下，不再以日升月落划分白天黑夜，头顶苍穹的时间仿佛被定格，星空中的群星不再流转，弦月不再落下，它们永悬穹顶！
……
一处小区楼顶，六岁的白玖看着天上的一轮弯月，伸出肉乎乎的、小小的手掌，心想：
“等我长大了，一定要把你摘下来，拿回家里。让这个世界感受到……”
“真正的黑暗！”",重生过去、畅想未来、梦幻现实，再塑传奇人生！,0,0,"['都市', '异术超能']",0,1,20000,11,作者:七斗八极
1038308190,重生女尊之我将夫君宠上天,2023-11-29,最新章节: 第三十一章,66200,36,0,"重生归来，她一心想护住上一世被她牵连惨死的那四个人~
怎奈这四个人的身份是节节高升，一天天的水涨船高~
温文如玉的他摇身一变成了一朝首富，
腹黑毒舌的风流才子步步官拜丞相，
捡回来的小傻子竟然是身份尊贵的皇子，
面冷心热的面瘫男也凭着军功成了天下兵马大将军，
这高升的速度有点快，她有点追不上啊！
景舒灵机一动，揪着那人的衣袖，
她说，我虽然不聪明，但是我武功好呀！
所以夫君，快到碗里来吧！",青砖绿瓦，陌上花开香染衣；朱门紫殿，素手摘星霓作裳。,0,0,"['古代言情', '古代情缘']",0,1,66000,78,作者:筱寒家的小七
1038308200,LOL：电竞之光，从夺冠开始！,2023-12-31,最新章节: 第130章：半决赛开打！,271000,7,0,"【必看！加入WBG，征战S13全球总决赛，带领Theshy夺冠！】
穿越到平行都市，叶枫被合同的神RNG卡了三年！从S10卡到S13！
但是好在自己绑定了电竞之光系统，于是叶枫选择低调沉稳，在无法上场的这三年内默默稳健的发育了起来。
终于，这一天，合同到期！而叶枫也在系统的帮助下，将88个英雄的熟练度拉满！
就在这时，系统提示，请宿主尽快完成新手任务！
【叮！新手任务：加入一支LPL战队（发布于1126天前）】
叶枫看着自己韩服第一的账号轻轻一笑。
“既然如此……那就出山把！”
随后，在Theshy的邀请下，叶枫加入WBG带领队伍在S13全球总决赛一路连胜，碾压性夺冠！
而叶枫，也成为统御全球的联盟之神！",肆意挥洒激情的游戏人生，打破现实框架的无尽幻想！,0,1,"['游戏', '电子竞技']",1,2,340000,74,作者:萧瑟未必清风
1038308206,从玩游戏开始逆袭,2023-12-03,最新章节: 乱战,22599,8,0,来阅文旗下网站阅读我的更多作品吧！,重生过去、畅想未来、梦幻现实，再塑传奇人生！,0,0,"['都市', '都市生活']",0,1,23000,13,作者:爵代
1038308213,神话起临,2023-11-08,最新章节: 六、探查,12500,34,0,"古老的神话已再度降临，左溯签订契约，追寻那最后的余辉。
他曾在塞外的风雪中，与那操刀鬼厮杀，也曾在孤峰上，与那无名剑客论剑。
黑暗中，有人在低语，有人砥砺前行。
神话，再临！",心潮澎湃，无限幻想，迎风挥击千层浪，少年不败热血！,0,0,"['玄幻', '东方玄幻']",0,1,13000,5,作者:尘世蜉蝣
1038308215,僵尸末世：囤货百亿，暴击返还,2024-01-31,最新章节: 第180章完结章,382700,2,0,"【囤货+无敌+不圣母+不狗血+末世狂飙】
在人们欢呼雀跃，蓝星各国联手轰碎砸向蓝星的陨石时，却不知道一场地狱级灾难正在悄然来临。
当全球被黑暗笼罩，陷入永夜。
当大街上涌入无尽的尸潮，无数僵尸对着苍穹上升起的那轮猩红之月跪拜。
蓝星自此开启僵尸末世的时代。
……
上一世，王也惨遭心中女神苏烟柔迫害，被抢了物资占了安全屋，而自己也被丢出家门喂僵尸。
惨遭不幸的他，临死前才知道，自己心仪的女神，竟早已沦为富二代的玩物。
而他只是一条舔到尽头一无所有的狗！
这一世，王也重生回到僵尸末世前。
重活一次的他，满带着一腔怒火，开启暴击返还系统。
这一次，他要囤积百亿物资，他要打造最顶级的安全屋，他要在僵尸末世中无敌，他要……末世开局第一刀，先斩心中女神苏烟柔！
【书名又：我亿根黑驴蹄子，横推僵尸末世、摊牌了，我还有亿根黑驴蹄子、一招秒僵尸至尊，你说你是普通人？、僵尸末世：我，无敌王也】",星海漫游，时空穿梭，机械科技，目标是未知的星辰大海！,1,1,"['科幻', '末世危机']",2,4,1720000,343,作者:搏君人
1038308217,视角：从过去到现在,2024-01-09,最新章节: 第十七章 岁与竹,32599,14,0,"此文并无穿越修仙末世等无稽之谈，讲的尽数是我的经历和幻想。
世人都有一通病，其为后悔，不论是你还是我。
我出生于世纪之始，见证过父辈那时遗落的乡愁，也经历过新时代的风云涌动，未来还会可能相聚在那座广场共庆祖国百年生辰……
不知何时，突发奇想，决定写下这部记述，或许可以当作后悔之药，就如同那位觉醒的先生一样。",放飞幻想，关注现实，内容精炼，包含森罗万象。,0,0,"['短篇', '人物传记']",0,3,66000,33,作者:等时间
1038308229,青山剑,2023-12-03,最新章节: 第十章 林克来信,18400,48,0,"风起绝剑，凡人修仙。
偶然的机会，李元去到了一个江湖门派，学习了某一代长老以外得到后留下的感悟，从中获得了基础仙法。",修仙觅长生，热血任逍遥，踏莲曳波涤剑骨，凭虚御风塑圣魂！,0,0,"['仙侠', '古典仙侠']",0,2,25000,46,作者:天空雪茄
1038308232,从火影开始的天之王座,2023-11-21,最新章节: 第40章 不为人知的英雄,126199,68,0,一开始，没有人站于高天之上。如果有，那一定是我！,热血的少年，为打破次元壁一往无前！,1,0,"['轻小说', '衍生同人', '轻小说']",0,2,150000,36,作者:牌佬不娶对象
1038308270,农门福女团宠日常,2024-03-30,最新章节: 第二百六十九章 平国公府的闹剧,559700,61,4,"从21世纪武、医、毒三绝的暗部之王，到大周岭南义县北梨村的小农女，沈嘉表示接受良好。爹爹疼，娘亲爱，哥哥宠，弟弟护，日子过得美哉悠哉。无意间得知她爹背负着血海深仇，沈嘉不淡定了。
萧逸宸，已故太子的儿子，当朝皇长孙，在波诡云谲的皇权斗争中生存。
当他遇上她，大周又会迎来怎样的风云变幻呢？
小剧场：
沈嘉说：“我要去河里捞鱼。”沈赟马上拿起鱼网：“我陪你去”
沈嘉说：“我要去山上摘捻子。”沈安立刻拿起布袋：“我和你一起去。”
沈嘉说：“我要赚钱”，沈卓云毫不犹豫拿出家中存银：“拿去吧。”
大哥沈浩：“只要妹妹想做的，我一定竭尽全力支持。”
沈嘉说：“我要去田里摘鼠曲草回来做糍粑。”萧逸宸撸起袖子，提着篮子，柔声说：“我们一起去。”
景文帝：“孙媳妇，朕帮你带孩子，你想做什么就去做吧，有朕给你撑腰。”萧逸宸默默翻了个白眼，这是我媳妇，有我撑腰就行了。
多年后，眉眼精致，俊美非凡的翩翩少年太子萧恒睿，看着御书房里三个弟弟和小妹乖巧的坐在那里练字，默默叹了口气，摊上不靠谱的父皇和母后能怎么办，认命呗。(1v1双洁，男强女强，团宠文)",青砖绿瓦，陌上花开香染衣；朱门紫殿，素手摘星霓作裳。,0,1,"['古代言情', '古典架空']",1,1,560000,183,作者:榽禾
1038308290,阳村长的系列童话故事,2023-11-14,最新章节: 强壮的辛德瑞：风云起黑魔现世 波浪涌右军结义,5707,6,0,给阳阳小朋友写的神奇故事，作为一个并不老的老父亲，想把很多感受和经验讲给孩子听。,放飞幻想，关注现实，内容精炼，包含森罗万象。,0,0,"['短篇', '短篇小说']",0,1,5707,3,作者:汪道存
1038308292,灾厄纪元，我的分身升华成龙,2023-11-09,最新章节: 第十五章 成长的喜悦,32000,9,0,"大灾变后，世界上的人类陷入了岌岌可危的局面，妖魔，堕落者种种存在将人类的命运推至了悬崖的边上。
名为姜青的青年意外发现自己的意识分裂到了一条初生的小蛇身上，在他的不断努力之下，小蛇一步步战胜吞噬诸多体型远超自己的强敌，成长化龙。
当人类陷入危局的那一天，绝望的人们看着盘旋在天际上的九天巨龙以及骑着巨龙的青年，他们早已绝望的心底重新迸发出名为勇气的情感。
——人类的赞歌是勇气的赞歌，人类的伟大是勇气的伟大！
本书又名《灾厄纪元，我的分身升华成龙》",心潮澎湃，无限幻想，迎风挥击千层浪，少年不败热血！,1,0,"['玄幻', '东方玄幻']",0,1,32000,16,作者:怠惰的杨桃
1038308295,刚穿越被玩具熊突脸,2023-11-16,最新章节: 第二章:First night,2445,7,0,"天空一声巨响，主角痛苦趋势
睁开眼睛，好家伙，保安室
本以为是比别人领先40年进入退休生活，结果半夜玩具熊动了~
柳颀:真的怪冷门的。",心潮澎湃，无限幻想，迎风挥击千层浪，少年不败热血！,0,0,"['玄幻', '异世大陆']",0,1,2445,3,作者:gmchz
1038308320,苦情似水,2024-01-19,最新章节: 恨恋即多情,1889,0,0,这都是有古文和白话文写的,青砖绿瓦，陌上花开香染衣；朱门紫殿，素手摘星霓作裳。,0,0,"['古代言情', '古代情缘']",0,1,1889,3,作者:执笔而落于琴阁
1038308338,诡秘：降临1990,2023-11-15,最新章节: 第十章 天星,18700,17,0,"1990年，天星降临世界。
带来神秘，带来变化的契机，也带来的绝望，看在神秘的惊涛巨浪下，世人谱写的一曲曲壮烈的悲歌。
在这个时代巨变之下，清朝、军阀、超凡者、非凡生物、幻灵........神秘诞生、但人性不灭。
这也是在绝望中寻找希望的旅程。",心潮澎湃，无限幻想，迎风挥击千层浪，少年不败热血！,0,0,"['玄幻', '东方玄幻']",0,1,19000,14,作者:宝藏楼主
1038308339,苏二狗剿怪记,2023-12-29,最新章节: 第八十六章 魔窟生存,173400,254,0,"嬉笑怒骂里，咱们就把事儿办了，苏元是这么说的，也是这么做的。
我来九州只办三件事，剿怪，剿怪，还是，剿怪",心潮澎湃，无限幻想，迎风挥击千层浪，少年不败热血！,0,0,"['玄幻', '高武世界']",0,1,170000,54,作者:牢骚太盛防肠断
1038308352,碎星大陆：九指传说,2024-03-23,最新章节: 第六章 上帝谏言,14600,7,0,当上帝的力量化作指环散落人间，财富？权利？魔法和刀剑才是一切，献出灵魂吧！,魔兽践踏，巨龙咆哮，巫师诅咒，魔法璀璨之光照耀知识灯塔！,0,0,"['奇幻', '史诗奇幻']",0,1,15000,7,作者:就喝可乐八
1038308354,仙之眼,2023-11-01,最新章节: 第三章 要是我用面粉砸，阁下又该如何应对呢？,6699,4,0,我的眼睛可以看到好多奇妙的东西，因果命运时空这个世界居然有这么多的主角【伪系统】【无女主】【单女主】,心潮澎湃，无限幻想，迎风挥击千层浪，少年不败热血！,1,0,"['玄幻', '高武世界']",0,1,6699,3,作者:神玄曦
1038308366,重生不当舔狗后，校花急哭了,2023-11-09,最新章节: 第12章 凡哥啥时候爱上这种小玩意儿了？,24500,0,0,"【好马不吃回头草+日常甜文+轻松日常】
“我不喜欢你！我拒绝……我们还是当朋友吧！”
楚凡舔了校花苏心语六年，本以为是舔到最后应有尽有。
直到表白失败，人生走了很多弯路。
一朝重生。
这一世，楚凡决定不再做舔狗。
然而，当他离开之后，苏心语却彻底慌了。
“楚凡，你为什么不理我？”
“我们还像从前一样好不好？”
“当初是我不好，我接受你的表白了还不行吗？求求你不要离开好吗？”
楚凡：“表白你不接受，我走，你又哭什么？”
舔狗这玩意谁爱当谁当，哥们要专心搞事业！",重生过去、畅想未来、梦幻现实，再塑传奇人生！,0,0,"['都市', '都市生活']",3,3,790000,203,作者:今天也要吃夜宵
1038308383,修仙，我有个恋爱mod,2023-11-10,最新章节: 第六章：道院四大 大懒人方不器,14400,15,0,"“你好，可以做我道侣么！”
笑语盈盈的尹修，看着身前的清秀少女问道。
“不行！”
少女斩钉截铁的回答，毫不拖泥带水的离去，只剩下尹修一人。
对此，看着自己系统mod上的进度条。
修仙——恋爱mod.
获得一位道侣，开启恋爱模板。
对此，尹修表示恋爱哪有修道有意思。",修仙觅长生，热血任逍遥，踏莲曳波涤剑骨，凭虚御风塑圣魂！,0,0,"['仙侠', '修真文明']",1,4,58000,228,作者:鸽子飞扬
1038308391,仙朝梦华,2023-11-22,最新章节: 前文已删，余文不更,18,18,0,"甲子年，余掘西山，略有所得。见其文字散轶，颇为不忍，遂以编年纪事，加以补缀删减，春秋之下，终成此文，暂谓之曰：仙朝梦华。
（群像文，来源于某次推演修仙界政治经济文化的茶话，非打怪升级爽文）
（没有主角，每个人物的故事都不会太长）
（每章文风各异，所处频道也不一，不适应可以跳过，少看不一定接不上故事）
（行文以时间为序，前因后果具在文中，偶有友人批注）",修仙觅长生，热血任逍遥，踏莲曳波涤剑骨，凭虚御风塑圣魂！,0,0,"['仙侠', '修真文明']",0,1,18,15,作者:京尘子
1038308395,我隔壁村的女村花,2023-12-02,最新章节: 我独坐在屋檐，看见好多坟,3829,10,0,古时候车马很慢，一生只能爱一个人。如今交通四通八达，我们会遇见很多人，却浮躁得找不到那个爱一生的人。我叫崂十三，当你看到这条消息的时候我已经死了，死在那场18年前的雨里……,关注社会百态，呈现精彩人生，讲好现实故事,0,0,"['现实', '青年故事']",0,1,3829,3,作者:貮货过客
1038308397,化敌为狗，嘎！,2023-11-29,最新章节: 第16章：只收敌人当狗,34200,25,0,其实，你说的那些狠人，都只是我的狗而已。,热血的少年，为打破次元壁一往无前！,0,0,"['轻小说', '原生幻想', '轻小说']",0,1,34000,59,作者:南墙壁虎
1038308402,失乡旅人的传说,2023-12-03,最新章节: 第35章 目的地：神陨沼泽,129400,87,0,"来自上古的残片复现了一个传说，那是驱使太阳的王者还未成王的时代。
伟大的太阳陨落在外神们的阴谋里，月亮也随之不见踪迹。
乌法齐卡，生命的源初之地，在诸多外神与虚空的窥视下摇摇欲坠。
属于生命的秩序已然崩毁。
死去之人不得安眠，而幸存者也只能在废墟里哀鸣：
“请救赎我等吧，奥非林姆的诸神啊，请让过去的日子重返吧！”
正是因为那渴求希望的祷告，跨越了起源之海的异乡人来到这步入死亡的世界。
“当温暖的火在大地上燃起，遮蔽天空的寒雾便会褪去。”
经历了丰饶过去的人们深信着这样的传说，但随着生命的逝去，所有人都将明白，曾经那富足的风光，早已不复存在。
“追逐着归乡的旅者啊，请劳驾在狩猎外神之余，为我等缔造新的秩序吧。”",心潮澎湃，无限幻想，迎风挥击千层浪，少年不败热血！,1,0,"['玄幻', '异世大陆']",0,1,130000,35,作者:维鸟
1038308420,仙葫长生,2024-03-30,最新章节: 第二十二章 真龙？元重山现,603700,2434,102,"穿越客姜宇重生了，这一世，他带着催熟灵植的至宝宙光葫，踏入浩瀚的修仙世界。
一滴光阴露，十年草药龄。一株株灵药在姜宇手中飞速成长。
千年药王、祖根圣药、不死神药、长生仙药。
秘法、神通、天功、古经……
历经两世风霜，不改长生之志。
破千磨万难，度三灾九劫，终证大道！",修仙觅长生，热血任逍遥，踏莲曳波涤剑骨，凭虚御风塑圣魂！,0,1,"['仙侠', '修真文明']",1,1,600000,287,作者:键盘会说话
1038308433,小镇谍影,2023-10-30,最新章节: 《小镇谍影》,1014,2,0,来阅文旗下网站阅读我的更多作品吧！,重生过去、畅想未来、梦幻现实，再塑传奇人生！,1,0,"['都市', '都市生活']",0,1,1014,1,作者:1C60
1038308461,记忆里的老城,2024-03-25,最新章节: 资本的诞生,6858,6,0,"将生活熬成一锅粥，撒下一把时间调味，咕噜一口，却不知这往事是苦是甜。
写下一些回忆，待日后慢慢回味，这不也是一件美事。
这本书我写给曾经的自己^O^",放飞幻想，关注现实，内容精炼，包含森罗万象。,0,0,"['短篇', '生活随笔']",0,1,6858,9,作者:血长歌
1038308464,残剑留香,2023-11-28,最新章节: 弟二章 一刀霜寒十四州,20299,53,0,来阅文旗下网站阅读我的更多作品吧！,借三尺明月，衔两袖青龙，轻剑快马恣意，携侣江湖同游！,0,0,"['武侠', '传统武侠']",0,2,200000,61,作者:青丝已白发
1038308475,穿越：我真的没想赚钱啊,2023-11-30,最新章节: 第三十九章（1）,80800,175,0,"张伟是个平平无奇的魔都985毕业生
一觉醒来，他发现自己竟穿越到了……古代的茅厕
张伟麻了，前世自己穷了二十五年，好不容易拿下司法考试，没想到一切又要重来
“而且为毛要送老子到厕所出生啊喂！”
更坑的是，张伟发现自己没得系统，没得背景，没得金手指……
那么，张伟在这汉末乱世该何去何从呢？
各位看官，请欣赏，穿越：我真的没想赚钱啊！",醒掌天下权，醉卧美人膝，五千年风华烟雨，是非成败转头空！,1,0,"['历史', '秦汉三国']",0,2,130000,44,作者:文以洛水
1038308497,虎跃龙潭传,2023-12-01,最新章节: 第五十二章 武神,111100,49,0,"一次误入消失的虎族界地，开始了另外一段旅程。
人妖同修，开天辟地，成就万古威名。
谁说人不可胜妖，我便要力压妖族一头！",修仙觅长生，热血任逍遥，踏莲曳波涤剑骨，凭虚御风塑圣魂！,0,0,"['仙侠', '修真文明']",0,2,120000,55,作者:风摇枝头
1038308504,幸运异类射手,2023-11-10,最新章节: 第一章死亡,1008,2,0,来阅文旗下网站阅读我的更多作品吧！,心潮澎湃，无限幻想，迎风挥击千层浪，少年不败热血！,0,0,"['玄幻', '异世大陆']",0,2,2504,4,作者:作家vyqI1i
1038308517,晚月随风起,2023-11-13,最新章节: 第三十一章 出了好大的风头,2041,39,0,"洛晚月明明是国公府的嫡长女，却活得如此窝囊。
重生一世，不再委曲求全，蹉跎岁月。
寻找身世真相，倾心爱人，不当软弱的团子。
以良善回馈良善，以恶惩治恶，敢爱敢恨。",青砖绿瓦，陌上花开香染衣；朱门紫殿，素手摘星霓作裳。,0,0,"['古代言情', '宫闱宅斗']",0,1,2041,15,作者:期雪
1038308539,全球神邸：我的眷族会魔法,2023-11-12,最新章节: 第十六章,31800,25,0,"罗峻穿越全民神邸时代
这里人人都能，开辟神域，培育眷族，征战异位面
而罗峻却觉醒了一个几度兴衰的———人族
但因为罗峻是穿越者的缘故
导致自己的眷族发生了变异
好像可以徒手搓火球……",心潮澎湃，无限幻想，迎风挥击千层浪，少年不败热血！,1,0,"['玄幻', '异世大陆']",0,1,32000,19,作者:书友已注销
1038308541,子沫录,2023-11-20,最新章节: 十四章 还我衣裳,28100,21,0,来阅文旗下网站阅读我的更多作品吧！,青砖绿瓦，陌上花开香染衣；朱门紫殿，素手摘星霓作裳。,0,0,"['古代言情', '古代情缘']",0,1,28000,25,作者:好大一块红烧肉
1038308554,禁忌诡瞳,2023-11-20,最新章节: 商城,48400,15,0,"傍晚，一个男人在江边覆手而立，用一双诡异的重瞳眺望远方。
自言自语道：“你是否真的还存在于世？我找不到你了。”无人回应，他就静静站着，过了很久很久……
日夜交替的那一刻，一女子出现在江对面看着这个男人，她似乎一直都在这里，又好像只有在昼夜交替之时，她才会出现在这里。",考古探险、鉴宝收藏，侦探推理、诡秘分析，戏说传承古今中外的民间悬疑文化！,0,0,"['悬疑', '诡秘悬疑']",0,1,48000,11,作者:林城南越
1038308559,绝地逢生之末日生存,2023-12-02,最新章节: 通知,60199,54,0,"由于某SB岛国排放核废水导致全球水源和空气受到污染，异变时代开启，主角团是杀出天道帝国的一群精英组建的王牌家族，女主沈懿忱是家族里唯一的女儿有超强的判断力可惜在诛杀天道的战役中受到重伤不能再习武
末日异能杀戮",星海漫游，时空穿梭，机械科技，目标是未知的星辰大海！,0,0,"['科幻', '末世危机']",0,1,60000,17,作者:酔南城
1038308560,在16岁时遇到的你,2024-02-20,最新章节: 初遇,1258,2,0,来阅文旗下网站阅读我的更多作品吧！,青春年少，芳华正好，当赴一场浪漫邂逅！,0,0,"['浪漫青春', '青春校园']",0,1,1258,1,作者:巧克力饼乾
1038308575,骆书,2023-11-25,最新章节: 第八章晋升书童,24200,15,0,"这是一个恶人的故事！明朝万历十年，内阁首辅张居正逝世，万历皇帝开始正式亲政，“万历中兴”结束。
万历十五年，皇帝罢工，明朝走向末路的脚步进入了倒计时。
皇帝罢工，官员贪腐懒政，各种税收增加，三次战争劳民伤财，国家在一系列的负面作用之下千疮百孔，却成为了一些国家蛀虫的温床。
骆飞虹，南直隶省扬州府人，少年梦想科举，未成。后习武，闯荡江湖，为恶吏，以一种暴利的方式积累了一笔原始资金，入帮派，勾引二嫂背叛兄弟暗杀帮主，转经商，恶性竞争，大肆吞并垄断生意…………
本文纯属虚构。",醒掌天下权，醉卧美人膝，五千年风华烟雨，是非成败转头空！,0,0,"['历史', '两宋元明']",0,3,61000,13,作者:书友已注销
1038308578,谁都可以但请你不要站在我对面,2024-02-22,最新章节: 第1章 初遇,64300,29,0,"无言的结局一点也配不上当初的相遇。
他在黑暗中徘徊了很久，只有暗色围绕在他身旁，只有暗黑包围着他，只有暗夜属于他，只有毁灭的归宿。
可是，终究有一束光，照进来他的世界，带给他温馨。是他的底牌，是他的宝盒。可是当她再次出现在那里，却已然是陌生人。
这无言的结局一点也配不上当初的相遇。如果能重来一次，结果会不会不一样？
甜文偏养成，看起来是养成但不是养成，因为他从来都不是只会躲在后面的小不点。给予他的大拳头，全部，全部都被他笑纳了惹！
一V一。
曾经有人和他说过：我喜欢你。
可是，他必须放手。
可是，这句话究竟在他心里留存多久，只有他知道。
他从来不会言说，可是，他却处处都在说那四个大字。
————！",心潮澎湃，无限幻想，迎风挥击千层浪，少年不败热血！,0,0,"['玄幻', '异世大陆']",0,1,64000,25,作者:幽黧弦陥愓翾
1038308630,在修仙界转生成为史莱姆,2024-01-19,最新章节: 第三章 狩猎之夜,6259,9,0,来阅文旗下网站阅读我的更多作品吧！,心潮澎湃，无限幻想，迎风挥击千层浪，少年不败热血！,0,0,"['玄幻', '异世大陆']",0,1,6259,3,作者:鹅带王
1038308634,暗刻零时,2023-12-20,最新章节: 27.扩大影响（2）,76400,17,0,诺亚空间站上发生的惨案，上古结社的密谋，黑魔法，高科技技术，超级机器人……这一切的背后是实力强大的跨国集团还是另有幕后黑手……冥冥之中一双白色瞳孔的眼睛正在迷雾中注视着这一切……,考古探险、鉴宝收藏，侦探推理、诡秘分析，戏说传承古今中外的民间悬疑文化！,0,0,"['悬疑', '诡秘悬疑']",0,1,76000,36,作者:我开金手指
1038308634,暗刻零时,2023-12-20,最新章节: 27.扩大影响（2）,76400,17,0,诺亚空间站上发生的惨案，上古结社的密谋，黑魔法，高科技技术，超级机器人……这一切的背后是实力强大的跨国集团还是另有幕后黑手……冥冥之中一双白色瞳孔的眼睛正在迷雾中注视着这一切……,考古探险、鉴宝收藏，侦探推理、诡秘分析，戏说传承古今中外的民间悬疑文化！,0,0,"['悬疑', '诡秘悬疑']",0,1,76000,36,作者:我开金手指
1038308646,经营农家乐：开局收养哮天犬,2023-11-09,最新章节: 第7章 穿越者,23100,26,0,"林沐二次创业，在村子边承包了一片地，弄了一个农家乐。
终于等到要开业的时候，一只小奶狗的到来，让他这里的画风突然诡异了起来。
三个古装汉子在他的桃树林里效法桃园结义也就罢了，
这个躺着自家炕头上的病老头又是什么鬼？碰瓷儿吗？",重生过去、畅想未来、梦幻现实，再塑传奇人生！,1,0,"['都市', '都市生活']",1,4,280000,116,作者:你家三妹
1038308650,花瑕，羽,2023-11-15,最新章节: 一,1964,4,0,至于要不要开这本书，我思考了很久，直到K先生找到我，我们聊了挺长时间的，他的故事让我决定了开这本书，总体的大纲就像K先生前途一样，一片渺茫，不知道能写到哪里，罢了，本来就是一部没有结尾的书，就像K先生的人生一样，预料不到结尾的。,热血的少年，为打破次元壁一往无前！,0,0,"['轻小说', '衍生同人', '轻小说']",0,3,19000,28,作者:南双林帆
1038308663,翘首盼与君之缘,2023-12-04,最新章节: 第三十七章：变脸是天生本能,39700,31,0,"九重天的帝姬来到凡尘，只有爷爷奶奶！爹爹是谁呀？
潜安安：娘亲您下凡了！
兰舒沁：这是你爹爹，安安。
潜安安：什么？爹爹是皇上！
妃子们：安安宝贝，快叫娘亲们～让娘亲们贴一个
什么～爹爹姓临！哦，原来是和没有亲属关系的爷爷姓潜，差点以为宝宝不是亲生哒！
钟阑：嗯?潜……安安?来凡尘了么，有趣。这次，天道兰舒沁没有办法阻挡我们了。
（啊?潜安安400余岁！娘亲天道为了保护她消除了记忆，爱情也被消除，男主钟阑怎么挺过来的！）",青砖绿瓦，陌上花开香染衣；朱门紫殿，素手摘星霓作裳。,1,0,"['古代言情', '古代情缘']",0,1,40000,33,作者:栾渔
1038308666,我，仙人老爷,2023-12-15,最新章节: 第十九章 炼血七重与99特殊部队最终隐秘,43700,18,0,多年的艰辛，能否填补那一刻的遗憾,心潮澎湃，无限幻想，迎风挥击千层浪，少年不败热血！,1,0,"['玄幻', '高武世界']",0,1,44000,12,作者:羲月知
1038308669,有点点喜欢你,2023-11-09,最新章节: 第十二章 被抓,18900,18,0,来阅文旗下网站阅读我的更多作品吧！,重生花样年华，玩转市井豪门，携手逆袭人生，共揽一世风云！,0,0,"['现代言情', '都市生活']",0,1,19000,11,作者:琦怪vivi
1038308671,末日危机1之生存,2023-11-17,最新章节: 植物变异,6018,10,0,"这里有一本好看的丧尸小说。
看在末日的大环境下，主角团经历了成功与挫败，联盟与崩坏，死亡的危胁，生存的希望……",星海漫游，时空穿梭，机械科技，目标是未知的星辰大海！,0,0,"['科幻', '进化变异']",0,1,6018,4,作者:老兵文学三人组
1038308681,舰娘：群星之间,2023-11-23,最新章节: 第五章:深坑中的光芒,7816,5,0,"一位人类科学家在种族灭亡时所创造出的少女。
一位是来自异界人类的穿越者。
当两者碰撞在一起时会发生怎样的火花呢?
是堙灭?还是新生?
（龙凤文）",星海漫游，时空穿梭，机械科技，目标是未知的星辰大海！,0,0,"['科幻', '星际文明']",0,1,7816,25,作者:天天摆烂乐此不彼
1038308685,人与信与生活,2023-10-30,最新章节: 人间彼此的过客,2022,2,0,来阅文旗下网站阅读我的更多作品吧！,放飞幻想，关注现实，内容精炼，包含森罗万象。,1,0,"['短篇', '短故事']",0,1,2022,1,作者:作家QWhVhz
1038308686,武屹九天,2024-03-10,最新章节: 第一章 雪域,3788,2,0,来阅文旗下网站阅读我的更多作品吧！,心潮澎湃，无限幻想，迎风挥击千层浪，少年不败热血！,0,0,"['玄幻', '东方玄幻']",0,1,3788,1,作者:澜起心潮
1038308692,外星入侵：我开启灵气复苏,2023-11-24,最新章节: 第36章：五品武修不如工资十万！,12500,90,0,签不成的科幻小说，签不成的科幻小说，签不成的科幻小说,星海漫游，时空穿梭，机械科技，目标是未知的星辰大海！,0,0,"['科幻', '未来世界']",1,1,13000,233,作者:我是坚决鸭
1038308699,辉夜札记,2023-12-15,最新章节: 第20章 老乡见老乡,86700,17,0,"常言道：修仙历万古，岁岁皆如故。
然时移世易，万载岁月间东西齐奏，百家争鸣。
在这仙法与科技交织的时代，却驻留着一片黑暗，那是一个时代的不堪回首，亦是人间险恶的世外桃源。
黑暗在涌动，在蔓延，误入其中的少年也在找寻光明。",心潮澎湃，无限幻想，迎风挥击千层浪，少年不败热血！,0,0,"['玄幻', '东方玄幻']",0,1,87000,216,作者:逸思清
1038308706,茅山道士，练假成真,2024-03-15,最新章节: 第237章 人类的战场,513500,10200,35,"【唯我独法，练假成真】
五浊乱世，魑魅魍魉为祸人间。
人类成立降灵会，依靠科技手段除灵，惶惶度日。
苏珩穿越而来，拥有练假成真的能力。
自此拜入茅山道观，传度受箓，名登天曹。
未亡人惨遭恶灵诅咒？没事，净天地神咒破之。
遇到大旱粮食颗粒无收？无妨，设坛施法祈雨请龙王。
对抗恶灵手无寸铁？稍等，立刻为桃木剑开光。
起初，人们以为这个降灵师有表演型人格，喜欢扮演道士。
“道术？掩人耳目罢！”
直到灵潮来袭，苏珩一道符箓招出漫天神兵天将，众人才意识到事情并不简单。
等等，他的道法好像是真的？
内含：恋爱养成，废土，灵气复苏，基因改造等。
要素复杂，简介无力，请移步正文。",重生过去、畅想未来、梦幻现实，再塑传奇人生！,0,1,"['都市', '都市异能']",2,1,510000,125,作者:世外妖怪
1038308726,他界架构,2023-12-24,最新章节: 第十六章 生存转盘（十六）,32599,18,0,规则降临，秩序重构。游戏胜利，获得丰厚资源。游戏失败，所在地区融入一条规则，并永久迷失在异世界。搜集资源卡带回现世之前，活下去是唯一目的。,考古探险、鉴宝收藏，侦探推理、诡秘分析，戏说传承古今中外的民间悬疑文化！,1,0,"['悬疑', '诡秘悬疑']",0,10,410000,88,作者:永无之地
1038308729,九天枪神系统,2023-12-09,最新章节: 第2章补气丹,4012,6,0,来阅文旗下网站阅读我的更多作品吧！,心潮澎湃，无限幻想，迎风挥击千层浪，少年不败热血！,0,0,"['玄幻', '东方玄幻']",0,1,4012,2,作者:作家UKmR2I
1038308736,泽堺,2023-12-22,最新章节: 乐,6600,8,0,这就是泽堺，一个致力于拯救世界的组织,穿梭在各种原创世界或者影视动漫中，打破空间壁，畅想诸天无限。,0,0,"['诸天无限', '无限']",0,2,9122,15,作者:纸并
1038308756,死而复生，成为两界的引路人,2023-11-14,最新章节: 第二十章 镇压万鬼山,35300,20,0,"秦安出了车祸发现自己竟然已经死了。
还有两个看起来就很不靠谱的阴差，要带自己去地府报道。
万幸是秦安活着的时候行善积德，下辈子可以投生富二代，结果秦安连这个好消息都没捂热那就接到了成为富二代要等三十年的消息。
崩溃！！白无常提出来一个可以让她马上回到阳间的办法，那就是成为引路人。",刑侦破案，脑力对决。寻宝探墓点风水，说不尽奇诡异事。,0,0,"['悬疑推理', '奇妙世界']",0,1,35000,16,作者:吴嚯嚯
1038308779,为了娶老婆，我拼命辅助始皇帝,2023-11-22,最新章节: 第39章 许褚：某说一刀，就一刀,87800,77,0,"【真的好看，进来看几章呀，不喜欢再离开嘛。求你们了，真的挺好的，看几章再走嘛】
张赫穿越大秦，获得最强辅助系统，只要辅助蠃政，便能获得十连抽。
于是张赫踏上了出使六国的道路，咆哮六国朝堂，呵斥韩王，剑指赵王，忽悠楚王，挑拨齐王，设计燕王，阳谋魏王。
在张赫的配合下，大秦的铁骑踏破六国，一统中原。
诸子百家痛恨的不是赢政，六国贵族痛恨的不是赢政，荆轲刺杀的也不是赢政。
赢政:“张卿果然是忠诚，一己担下了所有。”
张赫拿出了地球仪:“大王请看...…”",醒掌天下权，醉卧美人膝，五千年风华烟雨，是非成败转头空！,0,0,"['历史', '秦汉三国']",0,7,450000,35,作者:墨中无色
1038308787,流浪宇宙：其实我只想回家,2023-11-26,最新章节: 第十四章 雷劫危机,51400,12,0,深空捕过鸟，星海打过鱼，当过海盗做过狼。如果你在天上看到某颗流星划过，没错，那是我在跑路，寻找回家的路……,重生过去、畅想未来、梦幻现实，再塑传奇人生！,0,0,"['都市', '都市异能']",0,1,51000,35,作者:云狐中
1038308802,人在三国，我只想求死,2023-11-15,最新章节: 不好意思的通知,14900,820,0,"穿越三国时代，成为了糜芳的独子糜枫。
但他倒是从来没想过匡扶汉室，觉醒了送死成仙系统的他只想要作死把江陵送了。
只是…这吕蒙是不是菜了点？
…
…
糜枫：为啥天下突然就平定了，说好的送死成仙呢？",醒掌天下权，醉卧美人膝，五千年风华烟雨，是非成败转头空！,1,0,"['历史', '秦汉三国']",1,3,85000,30,作者:出售龙脉的曲奇屋
1038308803,微天尘道,2023-12-26,最新章节: 第19章北洲京,42600,60,0,“世间一切，不过微天尘道，大罗神仙，尔尔罢”,修仙觅长生，热血任逍遥，踏莲曳波涤剑骨，凭虚御风塑圣魂！,0,0,"['仙侠', '古典仙侠']",0,1,43000,18,作者:没吃过咸鱼
1038308812,回到1992：折翼青年的逆袭,2023-11-08,最新章节: 023：一烙铁烫平,46700,27,0,"屡战屡败，屡败屡战，刘悯坎坷半生的真实写照。
命运的再三捉弄，让曾经的青年才俊身具多种残疾。
奋斗不断的他，到了却落得个事业家庭双不幸的下场。
至此，他常常疑惑：小人物如何才能改变命运？或者说，导致他失败的真正原因到底是什么？
朦朦胧胧中似有所悟，但又自觉余生无望的他，一恨天不假年，二恨懂事太晚。
好在，又一次意外降临了。
不幸中的万幸，刘悯重新回到了最美好的年纪。
然而，先前那些意外造成的残疾，却如影随形般缠住了他。
试问，开局就先被扣了六十分的刘悯，该如何打好这把牌呢？",关注社会百态，呈现精彩人生，讲好现实故事,0,0,"['现实', '人间百态']",0,4,140000,25,作者:叹吾生有涯
1038308837,妇人与狗,2024-01-08,最新章节: 54新时代的人（结局）,282400,14,0,金手套酒吧的老板，等着即将打烊的酒吧看到了外面阴雨的垃圾桶外面来了一个不同寻常的客人，一个老妇人和一个黄狗。她们在垃圾桶里面找吃的，善良的老板吧这一些客人吃剩下的东西给了她。这妇人就跟着酒吧老板进来了。她讲述起了自己年轻的时候，父母把她送去那时候墨红镇上面赫赫有名的大财主“何庆”家里面和家里面做第六的小妾。那何庆的大太太吴金凤，二太太为金祥玉，三太太李宝凤，四太太张玉麦，五太太赵怡。老妇人位于第六名为吴韵空。后来姥爷又纳了七太太张思苦。在何家大院里面的故事。,关注社会百态，呈现精彩人生，讲好现实故事,1,0,"['现实', '人间百态']",0,3,1010000,263,作者:还是开心
1038308841,女娲的海拉鲁,2024-02-23,最新章节: 第12章 女娲之地-两个世界的交界点,25200,8,0,元吉，格子间社畜一个，不小心穿越做了海拉鲁的猪，竟发现了海拉鲁和人类世界相勾连的结界，揭开了不为人知的黑幕。试看一头猪如何捕获公主芳心，拯救海拉鲁与人类，获得英杰称号的传奇吧！,肆意挥洒激情的游戏人生，打破现实框架的无尽幻想！,0,0,"['游戏', '游戏异界']",0,1,25000,17,作者:花斗儿
1038308873,黄粱未熟,2023-11-12,最新章节: 3,4628,4,0,来阅文旗下网站阅读我的更多作品吧！,重生过去、畅想未来、梦幻现实，再塑传奇人生！,0,0,"['都市', '都市生活']",0,2,25000,24,作者:张鑫森淼焱
1038308888,天武决,2024-02-29,最新章节: 第六章、至尊传承（下）,16600,8,0,天武大陆的天荒城被称为神弃之地，主人公慕瑜尘出生后便被遗弃于天荒山脉武，幸好被天荒城慕府府主慕白笙外出时所救，在慕瑜尘十五岁时，跟着养父慕白笙在天荒山脉历练时误打误撞得到了陨落的天武至尊传承，从此开启了一段逆袭天武大陆的传说。,心潮澎湃，无限幻想，迎风挥击千层浪，少年不败热血！,0,0,"['玄幻', '东方玄幻']",0,1,17000,6,作者:慕灬凡尘
1038308889,攻城2023,2023-12-17,最新章节: 第三十一章 重组地球人类,6027,2,0,来阅文旗下网站阅读我的更多作品吧！,星海漫游，时空穿梭，机械科技，目标是未知的星辰大海！,0,0,"['科幻', '星际文明']",0,1,6027,5,作者:时间规划者侯卿
1038308904,降生池妖孽,2024-01-04,最新章节: 第118章 出发帝都,355700,31,0,"神秘、缥缈的降生池，无人知晓它的来历，也无人知道它于何时何地降临，又将于何时回归天地。
然而就是这神秘的降生池，却诞生出一个个天赋妖孽的生命体。
喷吐焰火便能焚灭一整座城池的炼狱魔炎凤。
一口龙息便能冰封万里的玄冰妖龙。
金刚不坏移山填海的八臂魔猿。
断头重生不死不灭的九头蛇皇。
吞噬一整座大陆的参天世界树。
降生池生命的强大让所有人都趋之若鹜，任何人只要掌控了一座降生池便能成为最顶尖的势力。
一旦降生池降临天地，便会引发诸多势力的厮杀争夺，天下间因此纷争不断，直到其中一座降生池诞生了一个重伤垂死的妖孽生命。",心潮澎湃，无限幻想，迎风挥击千层浪，少年不败热血！,0,0,"['玄幻', '异世大陆']",0,1,360000,67,作者:反骨小熊猫
1038308909,我拿的什么剧本？,2023-11-27,最新章节: 第24章 正式调查6,43000,32,0,元素大陆。风雨雷电云五大家族风云诡变，陈少语身为一个烈风尉，突然觉醒了意识，该如何改写自己的命运呢？五大家族之下，暗藏惊天阴谋，风云诡变形势之下何去何从,魔兽践踏，巨龙咆哮，巫师诅咒，魔法璀璨之光照耀知识灯塔！,1,0,"['奇幻', '史诗奇幻']",0,1,43000,18,作者:拢蜀
1038308912,乱界归一,2023-12-11,最新章节: 第42章 逃命,105500,318,9,这是一个少年的故事，也是一个世界寻求自救的故事，当你成为时代的主角，你是该升华还是堕落，让我们拭目以待。,心潮澎湃，无限幻想，迎风挥击千层浪，少年不败热血！,1,0,"['玄幻', '东方玄幻']",0,1,110000,41,作者:寻迹的德哥
1038308940,我的外汇交易历程,2023-11-20,最新章节: 第11章 交易历程,23500,26,0,"闲来无事，所以应好友邀请写小说，其实不会写，从小作文都是不及格。但是不知道写啥，刚好最近在操作外汇，就准备添油加醋写一下最近的经历，打算写个小短篇，类似于日记。
也许这段日记是写给一个人看的，也许会有好几个人看，但是无论几个人看，我也会努力写完。
本文不会写出高深的外汇交易操作手法，喜欢外汇操作的我推荐大家去看魏强斌编写的第五版《外汇交易进阶》。",放飞幻想，关注现实，内容精炼，包含森罗万象。,0,0,"['短篇', '生活随笔']",0,1,24000,12,作者:想要个对象
1038308953,奈落悲歌,2023-10-30,最新章节: 第五章 终结的那一刻 奈落在想什么,1657,2,0,"《犬夜叉》代表着我的童年
我曾经是无比的憎恨那个叫做奈落的妖怪
后来我却发现，这个家伙
马甲最多
皮肤最多
话也多
心还不够狠
坏事做了不少
好事就是给猪脚团队送经验
挺不容易的",热血的少年，为打破次元壁一往无前！,1,0,"['轻小说', '衍生同人', '轻小说']",1,4,1300000,498,作者:鲁南一诺
1038308955,建木都市,2024-01-08,最新章节: 第一章 另一个时空,2091,2,0,来阅文旗下网站阅读我的更多作品吧！,重生过去、畅想未来、梦幻现实，再塑传奇人生！,0,0,"['都市', '异术超能']",0,2,4185,2,作者:Safely稷
1038308963,播经记,2024-02-25,最新章节: 第十六回 玉帝韵事遗之后果 陵水公主得返天庭,197600,12,0,"这部《播经记》接续了《西游记》后续之故事，但形式上有所不同。《西游记》后五百载，那终成正果的孙悟空、猪八戒、沙和尚，耐不住寂寞，便向佛祖请辞，要退佛班，返故里，做个逍遥人。如来佛祖宅心仁厚，恩准了他们的请求。在分别之时，三兄弟却又一起到长安城拜会了师父唐三藏，临行之时唐三藏让悟空到雷音寺，给佛祖如来送一封信，信中言之曰：“如今凡间众生恶念遍布四方，战乱不断，民不聊生。故而急需吾佛有一本真经，阐述善恶之根本及得失因果，求佛陀能将这样的经书传于尘世。”佛祖如来掐指一算已有传经人选，此时正遇那齐天大圣子嗣桃木娃再次大闹天宫，从而引出后来八戒之嗣懒憨娃、沙僧之嗣摩罗娃和唐三藏义子修善娃的出世，开启了四娃为佛传经的故事。书中故事跌宕起伏，以四个孩童的形象，着墨出成人的言行举止，又不失童真。书中还刻意描写了神州大地的锦绣风光、风土人情、诗词歌赋、琴棋书画、武功技艺、国粹文化、美食佳肴的博大精深。《播经记》与《西游记》中的妖魔略有不同，除了禽兽之外，很多都是中国古代记载的神兽或凶兽，故而更有中国历史文化的痕迹。
作者：席越
笔名：古飁文鸙
2023年10月",心潮澎湃，无限幻想，迎风挥击千层浪，少年不败热血！,0,0,"['玄幻', '东方玄幻']",0,1,200000,17,作者:古飁文鸙
1038308970,装裱尘土般的过去,2024-01-11,最新章节: 梦弦而歌之,2165,2,0,"往不绝于心，落叶穷尽于土灰
本书用以记录我那位朋友的过去，害怕记忆消散的不止我一个。
致我们快要遗忘的",放飞幻想，关注现实，内容精炼，包含森罗万象。,0,0,"['短篇', '生活随笔']",0,2,8343,10,作者:暮鱼浊光
1038308975,斗罗：出山即巅峰，女主入我怀,2024-03-31,最新章节: 第 67 章 服用升魂丹，修为直线上升！,138700,4,1,"想要出人头地？想要无尽的荣华富贵？想要统治世界？
少年，我给你这个机会，但......前提你要先克服一些小小的阻碍哦！
蓝星打工人阡陌因加班而猝死，但他的灵魂在死后却并没有进入轮回，而是被一个诸天至尊魔王系统所牵引！
而他们的第一站便是那玄幻下水道地板砖的斗罗大陆！
杀戮之都中，一个小小的身影浮现在一条暗巷之中，银发血眸的少年从迷茫逐渐回归坚定！
为了自己的未来！不能死在这里！",穿梭在各种原创世界或者影视动漫中，打破空间壁，畅想诸天无限。,0,1,"['诸天无限', '诸天']",1,3,220000,81,作者:怕死的奶妈
1038308984,我在木叶签到三十年,2024-03-30,最新章节: 第二百五十六章 少女玖辛奈,750600,3927,64,"木叶20年，林川穿越成为木叶孤儿院中的一名孤儿，和三忍同期。
在发现自己能够签到著名的地点、人物和事件获得奖励后，林川决定苟在木叶默默签到。
【签到纲手：奖励仙人体（大幅提高生命力，增强力量，修复...】
【签到火影岩：《火之意志全解》】（三年模拟，五年火影，火之意志科目满昏。）
【签到：猿飞日斩：奖励忍术教授天赋，查克拉五属性】
【签到：大蛇丸：奖励顶级科研天赋】
......
林川一直偷偷发育，直到自己变得足够强之后，他将目光投向了高高在上的大筒木。
于是二战时以剑术威震忍界，打败半藏，被铁之国遥尊为剑圣，救下白牙，震慑忍界，建立秘密组织，收集原著中被埋没的孤儿，开发人类自己的仙术，传播改良的体术，为未来抵抗大筒木做好准备。",热血的少年，为打破次元壁一往无前！,0,1,"['轻小说', '衍生同人', '轻小说']",1,1,750000,156,作者:.此地无银
1038309010,末世：从地都来的猎魔团,0000-00-00,none,3828,2,0,【末世+杀伐果断+穿越+魔族入侵+御姐女主对男主好感从无到有+神话】男主染千秋点击从未出现的按键，穿越游戏中，但失去了记忆，与同样失去记忆好友炎星宇在未出现过的游戏人物冷思理的帮助下不断捋清事情脉络，支线培养和少清凝的关系。在魔族统治的世界中重组猎魔团，借神明之力从魔族手中挽救人类命运。新作品出炉，希望大家能够喜欢，你们的关注是我写作的动力，我会努力讲好每个故事！,此书已下架，去看看其它作品吧,0,0,"['科幻', '末世危机']",0,0,0,1,作者:作家BPtN42
1038309017,我的异能会不断进化,0000-00-00,none,8496,4,0,当异能降临世界，世界上的异能者变得随处可见。白楚天意外得到进化异能。看他怎么一步步走向异能者巅峰。,此书已下架，去看看其它作品吧,0,0,"['都市', '都市异能']",0,0,0,0,作者:无
1038309019,武道修仙大帝,2023-11-15,最新章节: 第二十一章 快速恢复,41700,23,0,来阅文旗下网站阅读我的更多作品吧！,心潮澎湃，无限幻想，迎风挥击千层浪，少年不败热血！,0,0,"['玄幻', '东方玄幻']",0,3,100000,10,作者:千年神龙
1038309027,待业青年时空重生之我是？？,2023-11-22,最新章节: 第4章 回想起了时空穿越前的L,8120,10,0,我是谁，在哪里，做什么，重要吗？另一个平行世界，你我的相遇还是你我的故事吗。,星海漫游，时空穿梭，机械科技，目标是未知的星辰大海！,0,0,"['科幻', '超级科技']",0,1,8120,4,作者:明月松泉
1038309032,晚风热吻,0000-00-00,none,2801,2,0,"天之骄子X科技大佬
1.
大学时期，江肆人如其名张扬肆意，放浪不羁。是那万众瞩目的天之骄子，而顾念只是芸芸众生里那最不起眼的一个，丢在人群中或许都找不到她的身影。
在那青春靓丽的年华迎来了她的第一次悸动，喜欢上那个众星捧月的月亮。
却不想她的喜欢在他看来这是他胜利的战利品。
2.
重逢，顾念从未想过会再次遇见江肆二人会在那谈判桌上重逢。
男人一身笔挺的西装整个人看上去矜贵的不行，偏偏俊逸的脸上全是玩世不恭的样子，一如往昔。一双多情的双眼含笑的看着对面的她“贵所的研究员都长这么漂亮？”
3.
后来，科技院总是停着一辆黑色超跑，男人身姿笔挺手里夹着根烟随意靠在车身，一把将人搂在怀里将人摁在胸膛上哑声道：“这次换我栽在你手上”",此书已下架，去看看其它作品吧,0,0,"['现代言情', '都市生活']",0,0,0,3,作者:花落逢君意
1038309051,仙人谷,0000-00-00,none,1754,2,0,"青州府下二十四城，
洛城下三十六山门，
云台山门下有五子。",此书已下架，去看看其它作品吧,0,0,"['武侠', '传统武侠']",0,0,0,1,作者:剁菜的小厨子
1038309058,玩家X降临,2023-11-30,最新章节: 第九章 叮！叮！叮……,25700,14,0,"某一天，一部分人眼底出现了倒计时
后来，【玩家】出现了",热血的少年，为打破次元壁一往无前！,0,0,"['轻小说', '原生幻想', '轻小说']",0,0,0,0,作者:无
1038309062,张明启死后，偷偷地吐掉了孟婆汤,2023-10-30,最新章节: （段故事）张明启死而复生，还魂前偷偷地吐掉了孟婆汤。,8689,2,0,"讲解一个真实的、死而复生的故事！
张明启死后，因为阳寿未尽，在还魂前，因为要忘记地府的记忆，在喝孟婆汤的时候，他偷偷地吐掉了……",放飞幻想，关注现实，内容精炼，包含森罗万象。,1,0,"['短篇', '短故事']",0,4,180000,40,作者:扶我起来我还要写
1038309066,少女拏云志,0000-00-00,none,15000,8,0,"青春校园励志成长纪实类文学。
全女主角团，女性群像成长故事。
根据作者亲身经历改编。
带你走进有血有肉的高校生活！
三年拼搏，要换的不仅是高考分数的三个数字！
“我生来就是高山而非溪流，我欲于群峰之巅俯视平庸的沟壑。我生来就是人杰而非草芥，我站在伟人之肩藐视卑微的懦夫！
谨以此文，献给每个对青春感到迷惘的你。",此书已下架，去看看其它作品吧,0,0,"['浪漫青春', '青春校园']",0,0,0,6,作者:姈姰
1038309080,致命觉醒,2023-11-15,最新章节: 第37章 再遇沙蛇,126700,30,0,作为姜家村的‘村霸’——村长家的孙子，姜肥肥每天都过着快乐且充实的日子，只到有一天，村里来了一位肤白貌美大长腿的阿姨，笑眯眯的对他说:少年，跟我走吧……,星海漫游，时空穿梭，机械科技，目标是未知的星辰大海！,0,0,"['科幻', '进化变异']",0,1,130000,16,作者:林间有闲人
1038309082,无敌！称霸诸天万界,0000-00-00,none,2031,2,0,"主角是蓝星上的一名普通人,结果有一天被人召唤到了诸天万界的异世界,主角一路靠捡装备变强,和自己的敌人斗智斗勇,坑蒙拐骗,最后打败了自己的一生之敌“宇宙之主”,一路美女陪伴,可谓乐乎！",此书已下架，去看看其它作品吧,0,0,"['诸天无限', '诸天']",0,0,0,1,作者:洛洛厉写小
1038309101,不灭的灯火,0000-00-00,none,4047,5,0,来阅文旗下网站阅读我的更多作品吧！,此书已下架，去看看其它作品吧,0,0,"['现实', '人间百态']",0,0,0,3,作者:端木青丘
1038309110,不合理修行,0000-00-00,none,8806,3,0,"无情剑法：每拒绝一个舔狗，剑法强度增强0.1成，最高增强3成。
长春功法：拥有负债可提升熟练度，一万负债起步，负债每多一个零，便获得一级熟练度。以此类推，直至熟练度封顶。
幻魔无影刀法：自宫可直接获得十级熟练度。
……
校方温馨提醒：为了社会的和谐发展，为了优良文化的传承，为了学校的良好风气以及你们新一代优秀学生应有的节操，希望诸位学员不要轻易尝试功法附带的词条辅助修炼。实力诚可贵，节操价更高！
最后，请学员赵拓速来校长办公室，校长想很切磋一下拳法。
……
张拓瞪着眼睛听着学校的广播，一脸不服气。
你们这个世界本来就是不合理的，干嘛要怪到我头上来？",此书已下架，去看看其它作品吧,0,0,"['玄幻', '高武世界']",0,0,0,9,作者:南难南吖
1038309112,飞升异界，媳妇是养成系,2023-11-08,最新章节: 2 边陲小镇，无垠镇,5331,2,0,言浅封飞升到不是仙界的异界，虽然不知道怎么回事。总之，先娶个媳妇准没错。,心潮澎湃，无限幻想，迎风挥击千层浪，少年不败热血！,0,0,"['玄幻', '异世大陆']",0,1,5331,39,作者:白露不为霜的倔强
1038309118,那片蓝色的海呦,0000-00-00,none,2306,2,0,来阅文旗下网站阅读我的更多作品吧！,此书已下架，去看看其它作品吧,0,0,"['科幻', '末世危机']",0,0,0,1,作者:作家YoIANB
1038309146,及朱和蕊,0000-00-00,none,1018,2,0,来阅文旗下网站阅读我的更多作品吧！,此书已下架，去看看其它作品吧,0,0,"['现代言情', '婚恋情缘']",0,0,0,2,作者:作家p8r3KL
1038309154,圣神传之战神尘封,2024-02-01,最新章节: 第七章，凶兽,15400,6,0,十四年前，一条凶兽毫无征兆的出现在苍穹大陆，破坏力惊人，尘氏族人舍命联合封印了它，最终埋藏在尘澜宗最深处的地宫内。此战历经千辛万苦终于平息，尘封的亲人损失惨重，唯有尘封的母亲重伤侥幸活了下来。但长时间以来尘封无法修炼，且看尘封如何忍辱负重，在人生最底谷如何闯出一片天地来。或许等待他的将是无穷无尽的艰难历程，而尘封也在这生死较量中逐渐地成长。,心潮澎湃，无限幻想，迎风挥击千层浪，少年不败热血！,0,0,"['玄幻', '异世大陆']",0,1,15000,5,作者:老人与酒
1038309155,从漫画开始到顶级制作人,0000-00-00,none,26300,21,0,来阅文旗下网站阅读我的更多作品吧！,此书已下架，去看看其它作品吧,0,0,"['都市', '都市生活']",0,0,0,208,作者:小河零式
1038309158,快穿之回收站,0000-00-00,none,4017,2,0,一位名叫顏曉曉的女大三生在一次意外中穿越到了本書名叫“快穿之回收站”的書裡，顏曉曉需要完成十位客戶的需求才能再次回到現實生活中，在十位客戶中有戀愛腦、純情一姐、霸道總裁、甜妹、綠茶等類型的客戶，在顏曉曉完成十位客戶的需求途中，發生了一件怪事……,此书已下架，去看看其它作品吧,0,0,"['现实生活', '家与情感']",0,0,0,2,作者:爱吃s的二丫头
1038309160,爱如流星,0000-00-00,none,1078,2,0,三生三世在一起，记得是和幸福,此书已下架，去看看其它作品吧,0,0,"['现代言情', '都市生活']",0,1,1149,64,作者:穿过云的光芒
1038309184,游侠之开局烂命半条,2024-03-24,最新章节: 3.尘寰心经,16100,9,0,"现代预备五保户回到古代的皇帝梦。
看尽了白骨露於野，千里无鸡鸣的惨像，有着怜悯之心的陈欲苏，励志要靠生平所学，救万民于水火，还苍生之正道。
但世事无常，这可个游侠遍地走，人人不如狗的武道世界，所以入乡随俗之下，他也略懂些拳脚。
肩负着伟大家族复兴大计，且看他如何天下无双。",借三尺明月，衔两袖青龙，轻剑快马恣意，携侣江湖同游！,0,0,"['武侠', '武侠幻想']",0,2,24000,8,作者:卧栏静听风雨
1038309238,从今天开始扮演仙人,0000-00-00,none,31400,22,0,"穿越了，不过这个世界有点凶残。
大能强者挥手间便能打碎大地，崩裂星辰，即便是超凡者，也如稻草大片大片的死去。
杀人夺宝，杀人掠货，杀妖取血，蓄养人类、圈养妖族者数不胜数。
但江琦拥有正宗仙道系统，只要他在这个世界昌盛仙道，就能成为真仙。
问题是，他是个完全不懂修行，一本道经没看过的普通人。
他只能选择扮演返璞归真的仙人，建立宗门，招收弟子以昌仙道。
“我明明只是想招一些资质平平的弟子，让他们做我的刷成就工具人，可为什么招来的都是天才？”
江琦对此很是苦恼。
刷成就工具人修行太快，越来越不好忽悠了。",此书已下架，去看看其它作品吧,0,0,"['玄幻', '东方玄幻']",0,0,0,24,作者:箴木
1038309244,地球升维战争,2023-12-30,最新章节: 第二十二章 新时代,46800,25,0,"地球科技的发展，主角华轩（黄帝）开发了天启系统，使人的大脑得到最大化开发，姜炎（炎帝）开发了ai智能系统女娲，俩人合并，让天启系统有了自主意识，两家合力打败了研究灵魂体，并打通地府的黎坤（蚩尤）。
华轩在战斗中发现了夏商周秦汉等十二个大一统朝代留下的地球守护者，开启了天道系统的开发，通过科技把整个地球打造成虚拟世界。
把各路神仙和修仙者请来还原真实历史，把真实历史输入地球天道系统模型，预测未来发展，通过不断验算，找出最适合地球发展的一个模型，把地球从三维世界带到四维世界，在升维的过程中，遇到了来自外星人（36重天的主宰者）阻拦，地球联盟和36重天的神仙外援对36重天的外星主宰展开了战争",星海漫游，时空穿梭，机械科技，目标是未知的星辰大海！,0,0,"['科幻', '超级科技']",0,1,47000,25,作者:三才天
1038309274,终焉的弑神者,2024-03-25,最新章节: 第六章 波澜,15200,6,2,"那年一名少年从北境走出，随后便掀起了整片大陆的波澜壮阔！
雪与血、留存与寂灭、天才与庸者、王与王、公主与侍从......原初与终焉。
”在我身后，终焉不在！“
这是他与亿万生灵定下的契约！
他就是最后的弑神者，也是最初的终焉之王！",魔兽践踏，巨龙咆哮，巫师诅咒，魔法璀璨之光照耀知识灯塔！,0,0,"['奇幻', '剑与魔法']",0,1,15000,6,作者:我心支离破碎
1038309277,世界未燃之羽废案,0000-00-00,none,101400,0,0,正在推倒重改，刷到的倒霉蛋请不要看,此书已下架，去看看其它作品吧,1,0,"['奇幻', '史诗奇幻']",0,1,55000,13,作者:纸丄谈兵
1038309294,一剑纵天下,2023-12-05,最新章节: 第三十二章 狂暴的张家双骄,139900,33,0,"人是什么？有人说人死如灯灭，生不带来死不带去。那人间又是什么？有人说人间是练狱，让我生不如死，受尽折磨。有人说是人间是天堂，春风得意尽情欢。
可张天安想说，不管来者是人是鬼还是魔，看我一剑纵天，看我逍遥天下。
看我建立一个人人从龙的世界，让世人都可以做自己想做的事。
新书求收藏，推介。",修仙觅长生，热血任逍遥，踏莲曳波涤剑骨，凭虚御风塑圣魂！,0,0,"['仙侠', '幻想修仙']",0,2,190000,111,作者:很菜的老张
1038309314,晚唐：末代皇弟,2024-02-20,最新章节: 第127章 风云变幻,356000,979,1,"乾宁三年。在李茂贞进逼长安后，唐昭宗李晔出逃华州。唐王朝耗尽了仅存的一点颜面和威信，名存实亡的朝廷几乎没有一点力量可用了…
在华州楼上登高远望长安，看到的只有狼烟烽火吗？
也许会有一个英雄人物出现，扭转危局…
重返长安，重塑威信，重振朝纲，重建军队…皇弟李亿该如何力挽狂澜?
——————
传统历史文，无系统",醒掌天下权，醉卧美人膝，五千年风华烟雨，是非成败转头空！,0,1,"['历史', '两晋隋唐']",1,1,360000,113,作者:青鸟寄书来
1038309318,忠武天下,2024-03-30,最新章节: 第151章 战澧水,498200,890,36,"你若问我想在书里边写些什么？
我说，我只是想写一个靠用拳头打拼的人，从山这边的山脚轻装上阵登山，等爬到山顶时，全身满挂着荣耀与责任。他没来得及在山顶观赏风景，就从山的另一边下山，每往下艰难地迈出一步，身上的责任与荣耀就减少一分。等到达山脚，他像登山时一样，轻装上阵，平步走向远方。
功成不居，是为玄德。
不再登山，天下无山。",醒掌天下权，醉卧美人膝，五千年风华烟雨，是非成败转头空！,0,0,"['历史', '架空历史']",0,4,3060000,557,作者:砚山观月
1038309333,瞧事儿,2023-11-10,最新章节: 【再度停更道歉】,25500,834,0,"我不是出马仙，也不是什么出道仙。只是我知道了他们在，也看到了他们在，也知道要替他们去看事，也知道，在我38岁之前，只能收一块钱挂金，只能看一些简单的事情。
每天的忙忙碌碌，从没想过自己会走上这条路，很无奈的去从事这个行业，却安心于心存善念，施善勿恶，故事开始，从头讲给你们听。",心潮澎湃，无限幻想，迎风挥击千层浪，少年不败热血！,0,0,"['玄幻', '东方玄幻']",0,1,26000,12,作者:雪山居
1038309348,我的世界到处都是副本,0000-00-00,none,2034,2,0,来阅文旗下网站阅读我的更多作品吧！,此书已下架，去看看其它作品吧,0,0,"['都市', '异术超能']",0,0,0,26,作者:馒头五毛一个
1038309356,仙途之人族光辉,2024-03-09,最新章节: 第十六章：初春围狩,45500,362,0,"神灵驱使天下人族，享香火，受祭拜
神灵不仁，以人族为草芥
一场谋划万年的隐忍
八千年准备！
八千年争渡！
出发！！！",修仙觅长生，热血任逍遥，踏莲曳波涤剑骨，凭虚御风塑圣魂！,0,0,"['仙侠', '古典仙侠']",0,1,46000,17,作者:议潮
1038309373,凡人之做个俗人,2024-03-30,最新章节: 第二百九十七章 毒蛟和风希,795900,1960,55,"出生普通家庭的刘逸轩，魂穿凡人，将自己的人生目标从”做个公务员“变成了”我要长生不老“！
天生的双灵根，却被安排修炼了五灵根的功法，修成了后天五灵根的废柴，可废柴又怎么能成就长生大道？原主的天坑如何避过？
机缘！一切都要机缘！无机缘不长生！无机缘不凡人！
韩天尊，我来了！以一个不同的方式接近你！以一个不同的方式离开你！
天才地宝我爱之，灵石美女我爱之，妖女魔女要不要？好吧！我没想好，随缘吧！
我只是一个凡人世界里的俗人，不要问我这么多，就让一切都随缘吧！当然这个”缘“只能由我来解释！
智商在线，寻找那些隐密的机缘！
杀伐果断，只求能一窥天道之巅！
一个俗人，只要长生，贪财好色，",穿梭在各种原创世界或者影视动漫中，打破空间壁，畅想诸天无限。,0,1,"['诸天无限', '无限']",1,1,800000,151,作者:逐梦万里行
1038309382,血霸,2024-03-25,最新章节: 第十七章 一条船上,39000,31,0,"秦洪海惊呆了！
只见雨水横流的公路上，一辆红色集装箱大车的车顶忽然开始燃烧，汹涌的火焰变成了一头赤红色吞噬巨兽！
一头真的火焰吞噬巨兽！
它趴在集装箱顶，然后张开大嘴，一口一口地啃咬着整辆大货车！",重生过去、畅想未来、梦幻现实，再塑传奇人生！,0,0,"['都市', '异术超能']",0,1,39000,24,作者:酒瓶可乐
1038309392,苦不宣，九不情,2023-11-08,最新章节: 第一章：那晚的歌都是她给唱的,2999,4,0,来阅文旗下网站阅读我的更多作品吧！,重生过去、畅想未来、梦幻现实，再塑传奇人生！,0,0,"['都市', '都市生活']",0,7,140000,142,作者:明月几时友
1038309399,魔界凡人,2023-11-17,最新章节: 白发少女,1759,2,0,失忆的白发少女身处魔界，身为不知名魔族（人类）的她该如何克服重重危险，最终完成她的愿望（？）算了，她失忆了……,魔兽践踏，巨龙咆哮，巫师诅咒，魔法璀璨之光照耀知识灯塔！,0,0,"['奇幻', '另类幻想', '轻小说']",0,1,1759,1,作者:书友已注销
1038309420,坠落瞬间,2024-02-04,最新章节: 坠落瞬间,14800,2,0,"当一个人失去了所有珍贵的东西时，生活就已经变得亳无意义。
那一瞬间，看见的情景给他带来了很多感触，让他发现自己的回忆远长的距离……",关注社会百态，呈现精彩人生，讲好现实故事,1,0,"['现实', '人间百态']",0,2,22000,2,作者:黎夜凌晨
1038309430,落霞岭,0000-00-00,none,4455,2,0,来阅文旗下网站阅读我的更多作品吧！,此书已下架，去看看其它作品吧,0,0,"['都市', '都市生活']",0,0,0,1,作者:杜小肆
1038309437,穿越未来世界，我竟然成了王,0000-00-00,none,2959,2,0,穿越未来世界，我竟然成了王,此书已下架，去看看其它作品吧,0,0,"['玄幻言情', '异世大陆']",0,0,0,2,作者:作家SW8n01
1038309438,梦世：毁灭,2023-12-02,最新章节: 1-10 勇者,35700,25,0,毁灭是重新的起点。,重生过去、畅想未来、梦幻现实，再塑传奇人生！,0,0,"['都市', '都市异能']",0,1,36000,94,作者:雅音依雪
1038309440,都市之人皇再现,2024-03-28,最新章节: 第57章：灵丹被抢,176700,1014,1,【黑神话】:上古时期人皇伏羲与天上神佛一战结果未知此后再无神族来犯，人族因此享受了数万年的安乐时光，但慢慢的人们发现人族气运开始慢慢凋零，人皇绝迹灵气消失龙脉枯竭！但即便是灵气枯竭，却仍有众多邪修异徒修炼有成后作恶，为此迅速组建起了应对此类人群事件机构“四圣门”从此诞生，由第一代人皇伏羲唯一所留下的四圣神咒为基础四圣门迅速崛起，让国内外无数修炼人事均不敢轻举妄动，而他正是四圣门青龙门青龙神咒唯一传人……,重生过去、畅想未来、梦幻现实，再塑传奇人生！,0,0,"['都市', '都市异能']",0,1,180000,56,作者:天目倾荣
1038309451,重生十八线小山村,2023-12-02,最新章节: 送她回家,24800,20,0,来阅文旗下网站阅读我的更多作品吧！,重生过去、畅想未来、梦幻现实，再塑传奇人生！,0,0,"['都市', '都市生活']",0,1,25000,17,作者:蝌蚪三千
1038309457,盗墓平平无奇,0000-00-00,none,8777,8,0,来阅文旗下网站阅读我的更多作品吧！,此书已下架，去看看其它作品吧,0,0,"['都市', '异术超能']",0,0,0,4,作者:会吃鱼的飞鱼
1038309460,怒逍遥,2023-11-26,最新章节: 第十章 暗流涌动,22700,12,0,"“清宁，本尊定会带你离开玄河的！等我回来。”
可是白清宁等了又等，却再也不见那人的身影……
“陆九州！你食言了。等我替你砍了古神的脑袋，再找你算账！”
他们都曾允诺过对方，从天上地下，到三界内外，再至玄河内外；亦或是逍遥天、虚无界都誓死相随……",浩瀚世界，无边岁月。漫云女子不英雄，万里乘风独向东！,0,0,"['玄幻言情', '东方玄幻']",0,1,23000,21,作者:白渡舟
1038309465,伍仁不知礼礼,0000-00-00,none,6536,5,0,《伍仁不知礼礼》讲述了康苒礼与高中同学吴任朗两人在高一分别，在大学校园里重逢后，寻求自我的故事。,此书已下架，去看看其它作品吧,0,0,"['浪漫青春', '叛逆成长']",0,0,0,5,作者:哈娜苏本
1038309479,末世小木匠,2023-11-27,最新章节: 第五十七章 神秘的师叔,136700,67,0,"这是一个充满诡异阴森的废弃世界，一到夜晚无数幽魂便游荡天地。小木匠胆战心惊地蜷缩于角落，紧闭双眼、手握小小蜡烛，在窗外风雨呼啸中不知不觉睡着了...天一亮，小木匠揉着双眼走出房门，他的师傅面色不善地瞪着他，开始安排新的一天的工作。
靠着木匠手艺，杨师傅带着小木匠为人制作简易的木器，用以维持艰难的生活。虽说生活有些清贫，但小木匠很喜欢这样的日子，可是随着一天天长大，少年的求知欲及敏锐的洞察力，让他一点点接触到这片废土世界的真相...",星海漫游，时空穿梭，机械科技，目标是未知的星辰大海！,0,0,"['科幻', '末世危机']",0,1,140000,95,作者:疯子的呢喃
1038309489,AI少女量子脑,0000-00-00,none,9921,3,0,"季遥变成了AI，寄宿在了超级量子计算机里。
被推上历史浪尖的她，会和人类共同创造出怎样的故事。核聚变，第三次世界大战，注视着一切外星人，面对一系列挑战，文明会何去何从，季遥又在其中扮演了什么样的角色。",此书已下架，去看看其它作品吧,0,0,"['科幻', '超级科技']",0,0,0,2,作者:作家vt2avU
1038309497,那年蝉鸣，那年我们,2024-03-29,最新章节: 世界的颜色,1522,1,1,来阅文旗下网站阅读我的更多作品吧！,青春年少，芳华正好，当赴一场浪漫邂逅！,0,0,"['浪漫青春', '青春校园']",0,1,1522,19,作者:又是新的一天
1038309508,未来人之未知维度,2024-03-02,最新章节: 第9章,18600,8,0,"这是一个充满着英雄主义的故事。
死亡和牺牲，失望和绝望，这些都没有打倒他们，他们成为了每一个人的英雄，但即使如此他们还是慢了一步，这一步满是遗憾。",魔兽践踏，巨龙咆哮，巫师诅咒，魔法璀璨之光照耀知识灯塔！,0,0,"['奇幻', '现代魔法']",0,1,19000,8,作者:A雨人N
1038309529,我的超能力之谜,2023-11-23,最新章节: 第十七章 联手对抗,37200,22,0,一次意外事件发生，艾文突然发现自己拥有超能力，没想到在危险的时刻帮助了他。从此命运的齿轮开始转动.....,热血的少年，为打破次元壁一往无前！,0,0,"['轻小说', '恋爱日常', '轻小说']",0,1,37000,20,作者:天下南辞
1038309530,末世：我什么都要,0000-00-00,none,3032,2,0,来阅文旗下网站阅读我的更多作品吧！,此书已下架，去看看其它作品吧,0,0,"['科幻', '末世危机']",0,0,0,1,作者:希望你好自为之
1038309540,我能使用血脉压制,2023-11-20,最新章节: 第40章 世外高人,82700,54,0,我承认阁下很强，可是我首先掏出一手血脉压制，阁下又该如何应对,修仙觅长生，热血任逍遥，踏莲曳波涤剑骨，凭虚御风塑圣魂！,0,0,"['仙侠', '幻想修仙']",0,1,83000,26,作者:在雨中看雨
1038309543,我用魔法统治了斗罗大陆,2023-11-13,最新章节: 第十二章 旅途,29400,22,0,"没想到时空间魔法真的能让人穿越！
这是旧日帝国伟大的元素融合魔法学者，时空间魔法开派祖师海因里希同志醒来后的第一个念头
话说，我这具身体怎么变小了
武魂又是什么东西
emmm，粗糙的力量使用方法
还是让这群土著见识一下什么是魔法智慧吧",热血的少年，为打破次元壁一往无前！,0,0,"['轻小说', '衍生同人', '轻小说']",0,1,29000,12,作者:强哥无过
1038309560,全职法师：天地一剑,2024-03-30,最新章节: 第二百四十八章：胜利,596000,1034,74,"【不走恶魔系】
【只有初阶是两系，后续都是觉醒一系】
【单女主昆仑狐狸不喜误入】
【走原著设定】
掌握天地一剑与灭妖神火的他能为这个世界带来怎么样的变化？
【精致利己主义者误入！】",穿梭在各种原创世界或者影视动漫中，打破空间壁，畅想诸天无限。,0,1,"['诸天无限', '无限']",1,1,600000,143,作者:风牵情丝
1038309576,斗罗：带着霍雨瞳妹妹爆破史莱克,0000-00-00,none,8315,30,0,"古华死了，死在了斗罗大陆动漫吧，王东建模竟然没有萧萧好看的帖子前。
没有一丝为死亡而哀悼，立马穿越到绝世唐门的是古华！
“守护我最好的雨浩弟弟。”
什么！霍挂变成妹妹了！这不是更好！
这一次不会再有什么坤坤问情谷，也不会再有什么三等分的灵魂。
霍雨浩将在古华的护航下，携手魂兽一族，扬起反叛的旗帜。
打造现代机械，无想渴求审判。
这个世界不需要神！尤其是自私的神！
（霍雨瞳：古华哥哥，你愿意嫁给我吗？
古华：你这傻孩子，你那叫娶。等等，不对，你说什么！）",此书已下架，去看看其它作品吧,1,0,"['轻小说', '衍生同人', '轻小说']",0,1,100000,60,作者:Domineer
1038309612,华娱之大财阀,0000-00-00,none,14900,0,0,"十八线艺人梦回2014
成为大财阀的公子
我有这么多钱，还当个屁的艺人！潇洒生活我来啦！
绑定娱乐圈系统
啥玩意？
苏云看着忽然出现的系统，陷入了深深的沉思",此书已下架，去看看其它作品吧,0,0,"['都市', '娱乐明星']",2,1,250000,1174,作者:低声轻语
1038309624,青春？奇迹！,0000-00-00,none,2008,2,0,"故事讲述了男主陈夜与女主杜思凌的一系列故事，主要讲述的关于校园生活，从起初的陌生人到后面的恋人，一步一步累积，直到新婚
本故事向来纯糖无刀可放心食用",此书已下架，去看看其它作品吧,0,0,"['都市', '青春校园']",0,0,0,1,作者:是小夜啊
1038309633,恶灵贯槊,2024-02-22,最新章节: 第11章 恶魔？魅魔,23200,13,0,"种类：西方奇幻，剑与魔法，电波男主，第一人称。
庄严而肃穆的神像，50年，每50年天使就会通过它降临一次。
这是全国各地都有的神像，必须要去朝拜，不去朝拜的话会怎么样呢？会有天罚吗？
哪里都有神像，这是不可能的吧，毕竟是人建起来的，没有神像朝拜的话会怎么样呢？会无法进入轮回吗？
期待，恐惧，兴奋，怀抱着各种各样的心情，我渗透进广场中的人群。
神像开始泛光，瞬间，我被一片纯白吞噬。
这里是无尽的纯白虚空，就像是被拽去一个独立的空间，作为我掩体的人群早已不见。
直面天使，听起来也许挺酷的，我的表情是什么样的，有表情吗？
话说，这和神像完全不一样，外貌一点不像人类。
鸟？而且是看起来有点傻的鸟，身披漂亮的灰色羽毛，却有一个笨重的大脑袋，身高体型与我同等，毫无威严。
“遵从冠天使的教诲，将恶魔从世间驱散！”
“将恶魔从世间驱散！”
“将恶魔从世间驱散！”
“将恶魔从世间驱散！”
它看了我一眼。
一阵恍惚，我已回到人群，只听见周围的人在呐喊……我也在呐喊？
顺着气氛喊的吧，这是消失在人群中最好的办法，我才不会恐惧它。",魔兽践踏，巨龙咆哮，巫师诅咒，魔法璀璨之光照耀知识灯塔！,0,0,"['奇幻', '剑与魔法']",0,2,36000,12,作者:沙漠飞行的海豹
1038309634,破晓天途,2023-12-05,最新章节: 第十八章 灭,39600,55,0,被神秘陨石砸中，而后身患绝症的绝望少年，被修士接引至异界，逆世求活，开启了一段跌宕起伏的旅程,心潮澎湃，无限幻想，迎风挥击千层浪，少年不败热血！,0,0,"['玄幻', '东方玄幻']",0,1,40000,18,作者:有梦的仙鱼
1038309635,篡凡,2024-03-31,最新章节: 第五章 神秘老人,9462,4,0,"一片无极大陆，受神之灵气，生万物繁衍。
凡仙魔妖兽，同生同死，生生不息。
好景不长，仙魔屠净异族生灵。
仙魔大陆就此诞生。",心潮澎湃，无限幻想，迎风挥击千层浪，少年不败热血！,0,0,"['玄幻', '东方玄幻']",0,1,9462,3,作者:三水为林
1038309636,魔头的重生日常,2024-02-15,最新章节: 第六章 要四处看看,12900,7,0,来阅文旗下网站阅读我的更多作品吧！,心潮澎湃，无限幻想，迎风挥击千层浪，少年不败热血！,0,0,"['玄幻', '东方玄幻']",0,1,13000,6,作者:爱睡觉的狗蛋
1038309639,青城桃花山,2023-11-21,最新章节: 第一章 桃花山,2443,2,0,"千百年前，青城之外忽然出现一座开满桃花的山，有人称曾在山下看到桃花山内的仙人，有人却说桃花山内封印着魔头，仙人在此镇压
千百年后，一个白衣少年游走世间，只为看看这陌生的世间",修仙觅长生，热血任逍遥，踏莲曳波涤剑骨，凭虚御风塑圣魂！,0,0,"['仙侠', '幻想修仙']",0,2,34000,23,作者:无名孤
1038309654,百味江湖,0000-00-00,none,2426,3,0,每个人的内心深处，都有着属于自己的武侠梦，而我们只是在前进的途中弄丢了他们，跟着我一起来把他们找回来，携手江湖吧,此书已下架，去看看其它作品吧,0,0,"['武侠', '传统武侠']",0,0,0,2,作者:汤圆12138
1038309673,皇级机甲师,2024-01-29,最新章节: 第四十五章 激战（下）,100200,34,0,"“我再强调一遍我的天赋是受到伤害之后短时间内攻击能力会变强，挨打会变兴奋到底是什么鬼？我这是正经天赋，我也是个正经人，我秦某与赌毒不共戴天。”
“那黄呢？”
“黄天在上…”",星海漫游，时空穿梭，机械科技，目标是未知的星辰大海！,0,0,"['科幻', '进化变异']",0,1,100000,42,作者:辰风随羽
1038309675,剑指苍穹任东行,0000-00-00,none,1903,2,0,一位流离在异国他乡的少年，一位经历过炮火洗礼的杀手，一位令欧洲地下世界胆寒的星君。当他远离喧嚣回归于宁静中时，又会发生什么呢?,此书已下架，去看看其它作品吧,0,0,"['都市', '都市生活']",0,0,0,1,作者:苦尽会甘来
1038309679,龙族：于诡秘星空中归来的路明非,2023-12-29,最新章节: 写不下去了……,249000,418,0,"在诡秘世界里的星空里遨游了一千年，路明非终于在名为‘诡秘之主’的存在的帮助下重返原来的世界，并得到了祂馈赠的非凡特性。
想要享受宁静生活的路明非发现，这个世界也是有类似非凡的存在。
“抱歉，奥丁先生，我偷走了昆古尼尔，你需要尝一尝被命运之线锁定的感觉吗。”
“老唐，你变成这样做什么，这样，我将‘血之哀’转嫁走了，你跟康斯坦丁去过没羞没躁的日子去吧。”
“师兄，别难过，我替你把你的新娘偷回来了。”
“赫尔佐格，你也配登上神位？”
“路鸣泽，我愚蠢的弟弟啊，你现在还要和我做交易吗？”",热血的少年，为打破次元壁一往无前！,0,1,"['轻小说', '衍生同人', '轻小说']",1,1,250000,56,作者:这名字非取不可吗
1038309680,灵武记,2023-11-25,最新章节: 第8章 苦修苦训，炼丹终成,70100,11,0,"顾青山重生了。
没有金手指，也没有系统。
上一世是个苦命人，这一世也是。
面对种种挑战和磨难，他一步一个脚印，最终登临绝巅。",心潮澎湃，无限幻想，迎风挥击千层浪，少年不败热血！,0,0,"['玄幻', '异世大陆', '轻小说']",0,2,87000,31,作者:瞾公子
1038309681,一觉醒来，我的时代过了？,0000-00-00,none,10100,8,0,"出逃在外的柳仙，误打误撞进入了一方小世界，在睡觉期间偶然出现了点意外。
“我才睡了一晚，你跟我说过了4000w年”？",此书已下架，去看看其它作品吧,1,0,"['玄幻言情', '异世大陆']",0,0,0,6,作者:慕染染小四
1038309690,乡村实录记,2023-11-12,最新章节: 第八章：夭折的姐姐,14500,13,0,当日记写。,考古探险、鉴宝收藏，侦探推理、诡秘分析，戏说传承古今中外的民间悬疑文化！,0,0,"['悬疑', '诡秘悬疑']",0,1,15000,7,作者:李道Ven
1038309702,当白枪呆成了卫宫士郎的妈,0000-00-00,none,7134,20,0,"“呐，士郎长大以后想做什么”
月色下的庭院，金发的骑士之王怀抱着小小的少年问道
“我啊，没什么特别远大的理想，就想保护好老妈和所有对我重要的人呢！”
凝视着满月，红发的少年许下了这样的愿望
“是吗..”没有多说什么，骑士之王只是更加紧了紧少年
我也不会让你受到任何伤害的...我的儿子，士郎！
——————
卫宫切嗣召唤出了平行世界的枪呆，枪呆捡到了士郎的故事",此书已下架，去看看其它作品吧,0,0,"['轻小说', '衍生同人', '轻小说']",0,0,0,2,作者:凯撒之国
1038309709,圣域战记,2024-01-13,最新章节: 第二章 神族内的阴谋,4387,3,0,"在一个庞大的世界里，十二大种族分别统治着这个世界。
他们分别是人族、精灵族、兽人族、龙族、虫族、妖精族、恶魔族、人鱼族、神族、矮人族、不死族、巨人族等十二大种族。
当世界级的神器觉醒这个世界又会发生什么样的事情？",魔兽践踏，巨龙咆哮，巫师诅咒，魔法璀璨之光照耀知识灯塔！,0,0,"['奇幻', '另类幻想']",0,2,6416,3,作者:白墨叶天
1038309711,烽烟尽处是良辰,2023-12-02,最新章节: 第十章 佛子岭上（四）,21500,8,0,"这一生最大的遗憾，是遇到一个人，相知相识相恋却不能相守。
如果她不是大世的公主，如果他不是北夜的皇子，他们只是在国破家亡、烽烟乱世中的一对离乱人，命运的结局又会怎样呢？",青砖绿瓦，陌上花开香染衣；朱门紫殿，素手摘星霓作裳。,0,0,"['古代言情', '古典架空']",0,1,22000,6,作者:A七月
1038309722,农村家庭的希望,0000-00-00,none,1393,2,0,来阅文旗下网站阅读我的更多作品吧！,此书已下架，去看看其它作品吧,0,0,"['现实', '家庭伦理']",0,0,0,2,作者:作家7ZFeNX
1038309724,诡秘2：秩序阴影,2023-11-24,最新章节: 第一章：穿越了？,2405,2,0,"【诡秘同人】
惘闯入这一个蒸汽与机械的时代（我是谁？）
偷盗者途径的窃梦家，寄生者，欺瞒大师，命运木马……（我好像走上了一条同阿蒙的路）
秩序阴影的精心布置，永恒烈阳教会，我是一名仲裁人……（啊哈哈，混乱疯狂的世界，我还不如死的简单一点）",热血的少年，为打破次元壁一往无前！,0,0,"['轻小说', '衍生同人', '轻小说']",0,3,19000,6,作者:天兰竹良
1038309725,末日生存本能,2023-12-04,最新章节: 第十章 任务,23200,30,0,作为一个能文能武的风水骗子，意外的被一颗黑色的圆球爆金币，恼羞成怒的用它来爆别人金币，却意外引来了世界性的灾难，那么他又能怎么挣扎到最后呢？拭目以待！,星海漫游，时空穿梭，机械科技，目标是未知的星辰大海！,0,0,"['科幻', '末世危机']",0,1,23000,12,作者:就很气人
1038309727,公元遗民,0000-00-00,none,4209,2,0,"基因技术的信条亘古不变。
其关键在于控制，控制序列，控制世界。
面对越来越难以掌控的基因灾变，基因技术的迭代
人们坚信人类能够控制一切。
但世界上真的存在完全的控制吗?
答案是否定的。
神在他天上的国里，尘世间的混乱皆是寻常。",此书已下架，去看看其它作品吧,0,0,"['科幻', '末世危机']",0,0,0,11,作者:指月初九
1038309731,无限制转职,2024-03-31,最新章节: 请假,102200,110,26,"武国末年，乱世开端
妖后，逆党，白莲教，入侵者
祭神，武师，魔教徒，改造人，甚至诡异，这个世界并不普通，武国只是它的冰山一角。。。
意外来到此世界的宋圣元望着眼前朴实无华的面板疑惑地挠了挠后脑勺，不是，这面板咋不能加点呢？",穿梭在各种原创世界或者影视动漫中，打破空间壁，畅想诸天无限。,0,0,"['诸天无限', '诸天']",2,2,1420000,237,作者:山褚
1038309748,迷途追凶,2023-12-30,最新章节: 案件二 09,28600,56,0,人生也许有很多条路，只不过是有人走对，而有人走错而已！有人迷途知返，有人将错就错。,考古探险、鉴宝收藏，侦探推理、诡秘分析，戏说传承古今中外的民间悬疑文化！,0,0,"['悬疑', '侦探推理']",0,2,150000,44,作者:中原耳东
1038309749,末世之另一种人生,2024-03-17,最新章节: 6、超市,14400,9,0,人生百态，只要活着，每个人都在过着属于自己的生活。卑躬屈膝、毫无尊严的乞讨是生活；谈笑嫣嫣、奢靡无度也是生活；柴米油盐，碌碌无为更是生活。每个人过着怎样的生活都取决于自己，而有些人却身不由己。光明，往往都伴随着黑暗。,星辰破晓，灵魂展翼。追寻宇宙的奥秘，直面未知的挑战。,0,0,"['科幻空间', '末世危机']",0,1,14000,4,作者:经昕
1038309764,穿书：竟然有读心术,0000-00-00,none,2035,2,0,"【穿书+系统+读心术+双洁+有cp】
季星柔没想到也有穿书的一天，还穿成了个小炮灰。
不曾想炮灰竟然觉醒读心术。
不是在读心的路上就是在读心的路上。",此书已下架，去看看其它作品吧,0,0,"['玄幻言情', '东方玄幻']",0,1,37000,16,作者:水流滚滚来
1038309766,恒心不变,0000-00-00,none,6,5,0,一群的太空来客降临地球，陨石不光造成了巨大的破坏同时带来了恐怖的病毒以及未知的以及未知的外星生物，恐怖的灾难席卷全球剩余的人们团结抵抗，没错！领导者是这样跟人们解释的！异化的身体，人类的身份，神秘的父母，为了寻找自己的身世之谜孙沐宸不得不卷入这场恐怖的漩涡之中。,此书已下架，去看看其它作品吧,0,0,"['科幻', '进化变异']",0,0,0,6,作者:这各溜啊
1038309773,快穿：偏执男主太疯狂！,2023-11-16,最新章节: 第26章 黑化少爷他不甘心26,26400,29,0,"1v1
恶毒炮灰楚绣绣完成所有任务后即将退休时，系统却告知她所有任务世界全部崩坏！
谁能告诉她，男主老缠着她一个恶毒女配做什么？！
——
富商少爷：我到底哪里比不上他？不准背叛我！
病娇少年：我家地下还有一层，你想去看看吗？
残暴摄政王：皇帝的妃子？即日起我就是皇帝！
——
楚绣绣：救命！她只是一个恶毒女配啊！！！",星辰破晓，灵魂展翼。追寻宇宙的奥秘，直面未知的挑战。,0,0,"['科幻空间', '时空穿梭']",0,1,26000,16,作者:谢谢谢辣
1038309778,来一场纯爱之恋吧,0000-00-00,none,2034,2,0,来阅文旗下网站阅读我的更多作品吧！,此书已下架，去看看其它作品吧,0,0,"['浪漫青春', '青春纯爱']",0,0,0,1,作者:160纯爱美女
1038309779,偃修迷航,2023-11-06,最新章节: 本书被吞了,1,20,0,本书被吞，已经终止更新,修仙觅长生，热血任逍遥，踏莲曳波涤剑骨，凭虚御风塑圣魂！,1,0,"['仙侠', '修真文明']",0,2,2,25,作者:陆压道祖
1038309806,怎么办？宗门内全是病娇！,2023-11-14,最新章节: 第十章 收徒,22700,19,0,"在灵界苟了七百年的陈期终于把自己熬成了宗主，成为宗主后，他决定带着宗门一直苟下去。
成了宗主当然要收徒，可陈期收的几个徒弟好像都不太正常…
系统给了他聆听心声的能力，当三位徒弟在他面前暴露心声时，陈期大惊失色。
听到自己大徒弟和二徒弟的话，陈期欲哭无泪，不过想到自己小徒弟还算正常，他又有些许安慰，直到某天，他发现小徒弟有两个人格…
【废了师傅的修为，这样，他就逃不了吧…】
还有，为什么宗门其他弟子也不对劲了！
……
……
【】表示心声，「」表示系统音，“”表示正常对话。
苟道+养徒+扮猪吃虎+宗门",热血的少年，为打破次元壁一往无前！,0,0,"['轻小说', '原生幻想', '轻小说']",0,1,23000,10,作者:一片孤漠
1038309807,我来见仙,2023-12-18,最新章节: 第二章 处境,4164,3,0,"五界九天，有佛道儒、有武妖蛊、也有天子封神的神道。
非善非恶的异世人，只愿见识一下此方世界的精彩。
我来，见一见仙人。
我来，追一追那长生。
长路迢迢，我心不死。",心潮澎湃，无限幻想，迎风挥击千层浪，少年不败热血！,0,0,"['玄幻', '东方玄幻']",0,1,4164,2,作者:明台烛
1038309816,我本就是天,2023-11-30,最新章节: 第2章 法尔,4218,4,0,"我也不知道这内容简介怎么写啊，我很随意的，等哪天我有空了，想好了怎么写再给你们补回来吧
内容简介：（欠着先）",星海漫游，时空穿梭，机械科技，目标是未知的星辰大海！,0,0,"['科幻', '古武机甲']",0,1,4218,2,作者:社会的一条咸鱼
1038309861,穿越后预知万事,0000-00-00,none,2067,2,0,来阅文旗下网站阅读我的更多作品吧！,此书已下架，去看看其它作品吧,0,0,"['玄幻', '异世大陆']",0,0,0,1,作者:作家wyexQV
1038309862,未列仙冥,2023-12-25,最新章节: 6. 天水厌,18200,9,0,"故事的开始，发生在一个名为“夏昼”的国度，在这里没有共主！
这个国家由仙门统领一州之地
玄门氏族，百家势力治理一郡之地
可就是再这样的格局下，却有人想要谋取天下！
……
修仙，所求的就是长生，宋矜禾也一样，只是这长生之路，可不好走啊！",热血的少年，为打破次元壁一往无前！,0,0,"['轻小说', '原生幻想', '轻小说']",0,1,18000,51,作者:情书SaMa
1038309872,重生之表白失败就穿越,2023-11-25,最新章节: 第五章 告白,5137,5,0,当人们都在追寻着独特时，普通反而变得最独特。,魔兽践踏，巨龙咆哮，巫师诅咒，魔法璀璨之光照耀知识灯塔！,1,0,"['奇幻', '另类幻想']",0,1,5137,9,作者:我叫N
1038309873,我有一个末日模拟器,2023-11-14,最新章节: 第二十二章 凶手身影,47500,96,0,"陈秀的手机强制绑定了一个末日模拟器的文字游戏。
意外发现游戏内的物品道具可以具现现实。
当他咬牙将一名臣服于他的猫娘复苏时，游戏性质似乎发生了变化…",星海漫游，时空穿梭，机械科技，目标是未知的星辰大海！,0,0,"['科幻', '进化变异']",0,1,48000,31,作者:书友已注销
1038309882,我在斗罗开须佐,2024-03-14,最新章节: 第6章:你脸红了哦……,16299,3,0,顾枫被泥头车创到斗罗大陆，获得火影系统，有了系统的帮助可以使用火影里的各种忍术，什么月读天照，须佐能乎，还有螺旋丸飞雷神应有尽有，时间线还是斗二，不会遇上唐三，正当他准备大展拳脚，给斗罗大陆一-点点火影的震撼时，他惊奇的发现，为毛男主霍雨浩变成萌妹子了?,热血的少年，为打破次元壁一往无前！,0,0,"['轻小说', '衍生同人', '轻小说']",0,1,16000,5,作者:橘猫的橘毛
1038309884,实验之提瓦特的开始,0000-00-00,none,2284,2,0,某些家伙选中的幸运儿是否能做出对的起那离谱的价值呢？,此书已下架，去看看其它作品吧,0,0,"['奇幻', '另类幻想']",0,0,0,17,作者:天正烈枭
1038309885,塞克维尔的遗迹,0000-00-00,none,1330,2,0,来阅文旗下网站阅读我的更多作品吧！,此书已下架，去看看其它作品吧,0,0,"['科幻空间', '末世危机']",0,0,0,3,作者:温柔逝水刀
1038309887,天选之子修仙,2023-11-12,最新章节: 第四章 仙人指路,8789,277,0,来阅文旗下网站阅读我的更多作品吧！,魔兽践踏，巨龙咆哮，巫师诅咒，魔法璀璨之光照耀知识灯塔！,0,0,"['奇幻', '神秘幻想']",0,1,8789,4,作者:修行不易请珍惜
1038309888,林穗安的抑郁日记,0000-00-00,none,1044,0,0,"你们好呀，这里是穗安的日记本啦，你们希望观赏我的生活吗？我的生活可是很棒的奥~
如果喜欢写日记但不会的话，可以学习借鉴奥~
新手上路，多多照顾",此书已下架，去看看其它作品吧,0,0,"['现实生活', '家与情感']",0,0,0,1,作者:林穗安.
1038309897,游戏制作，从这是我的战争开始,0000-00-00,none,4209,4,0,"“老婆贴贴，老婆亲亲，老婆抱抱。”
“我老婆世界第一好！”
以上言论皆出自著名老婆大腿挂件，幻觉游戏总设计师陆中。
“在甜甜的恋爱的同时也不要忘记制作游戏哦。”",此书已下架，去看看其它作品吧,0,0,"['游戏', '电子竞技']",0,1,10000,25,作者:爱梦的小子
1038309956,血泽,2023-12-04,最新章节: 正确的开始,2188,2,0,故事的开始从一个少年的身世讲起，从未出现的父母，一个人的苦苦挣扎！活着走下去！一步步揭开自己的身世之谜！,热血的少年，为打破次元壁一往无前！,0,0,"['轻小说', '原生幻想', '轻小说']",0,1,2188,1,作者:SHD宋清河
1038309962,神秘复苏之瞳天帝,2023-11-19,最新章节: 第十二章、收小弟,33900,81,0,"人？鬼？？御鬼者？
…………",考古探险、鉴宝收藏，侦探推理、诡秘分析，戏说传承古今中外的民间悬疑文化！,0,0,"['悬疑', '诡秘悬疑']",1,5,330000,135,作者:十方宝塔
1038309973,你跟一个搞笑角色比战力？,2023-11-14,最新章节: 第16章 美如花,33500,27,0,"灵兽拥有战力排行，初来乍到的我竟然召唤了一只狗、一只猫、一只兔子？
测试战力显示失败，以为我是菜鸟？
开玩笑，你在跟搞笑角色比战力？",热血的少年，为打破次元壁一往无前！,0,0,"['轻小说', '搞笑吐槽', '轻小说']",0,2,77000,57,作者:小路的光
1038309990,冢宰,0000-00-00,none,17000,32,0,"克系玄幻，某种意义上来说也是无敌文（（（
感兴趣的话麻烦多多关注",此书已下架，去看看其它作品吧,0,0,"['玄幻', '东方玄幻']",0,0,0,6,作者:丈育司命
1038310026,你永远是我的桃花,0000-00-00,none,14000,10,0,分歧者梦女文（请勿收藏）,此书已下架，去看看其它作品吧,0,0,"['轻小说', '影视衍生', '轻小说']",0,0,0,0,作者:无
1038310030,你是我逃不掉的秘密,0000-00-00,none,14000,11,0,来阅文旗下网站阅读我的更多作品吧！,此书已下架，去看看其它作品吧,0,0,"['现代言情', '都市生活']",0,0,0,0,作者:无
1038310055,天才的极限游戏,2023-12-12,最新章节: 简单？这怎么活！,5090,3,0,"有这样一批人，他们是怪胎，是疯子，也是宠儿。
他们注定不属于平凡，可却也注定悲哀。
他们，便是这个世界的天才们。
而当这些性格与天赋迥异的天才们来到一场生死角逐的游戏，是否……能胜神明半子？
（无限流.智斗.非无敌文）",穿梭在各种原创世界或者影视动漫中，打破空间壁，畅想诸天无限。,0,0,"['诸天无限', '无限']",0,1,5090,6,作者:这是一个马夹
1038310066,重生我能够提取别人记忆,2023-11-13,最新章节: 第16章 灵狐传文,34700,24,0,"顾青云本是一个普普通通的大学生，可是因为一次意外穿越到神风大陆，谁知被一个即将去世的老头子叫其守墓三年，三年时间将至时，顾青云意外觉醒金手指，可以获得别人的记忆。
""没有实力，不会顶级功法？""
""魂力战胜别人，就能获得别人的记忆！""
""师傅带领修炼！""
""哇靠！你小子什么时候学会了这门功法？""
""打不赢别人？""
""你小子哪里学得的顶级功法？""
""荒古遗地遍地是宝！""
""哇靠，你小子是不是带了地图的，都不带迷路的？""
“真打不赢别人？”
“啧啧………极速鲲鹏身法！！！”",心潮澎湃，无限幻想，迎风挥击千层浪，少年不败热血！,0,0,"['玄幻', '异世大陆']",0,1,35000,12,作者:半世文
1038310084,清婷,0000-00-00,none,7413,4,0,"掌抚苍穹，脚踏黄泉，目之所及，皆为我之世界。
既然这个世界容不下我孟辰，那我就弃了这天，灭了这地。",此书已下架，去看看其它作品吧,0,0,"['玄幻', '异世大陆']",0,0,0,41,作者:徐孟辰
1038310085,幻想的脑中世界,0000-00-00,none,1002,2,0,这完全是一个神经病每天坐在窗台边发呆的心理活动,此书已下架，去看看其它作品吧,0,0,"['短篇', '生活随笔']",0,0,0,1,作者:Realeyes
1038310087,一生与余生,0000-00-00,none,3296,3,0,一个人跳楼前回顾着他的一生，他才十八岁但是上帝跟他开了一个长达十二年的玩笑,此书已下架，去看看其它作品吧,0,0,"['现实', '人间百态']",0,0,0,8,作者:白糖有支笔
1038310092,吾登临九天之日，诸天破灭之时,0000-00-00,none,1088,2,0,来阅文旗下网站阅读我的更多作品吧！,此书已下架，去看看其它作品吧,0,0,"['玄幻', '东方玄幻']",0,0,0,1,作者:Ouyang欧阳
1038310095,关于，三国把我养成废物,2023-12-01,最新章节: 23滚，老不正经,81800,28,0,来阅文旗下网站阅读我的更多作品吧！,心潮澎湃，无限幻想，迎风挥击千层浪，少年不败热血！,0,0,"['玄幻', '高武世界']",0,6,210000,117,作者:后来超车
1038310109,惊异变体,2023-12-30,最新章节: 第三十五章 海底遗迹,88800,34,0,"这其实是一本主人公过了很久才发现自己是小说人物，并逐渐意识到自己是主角拥有主角光环，然后在满是危险的世界里作死的作品。
稳健的方法有很多，但我选择弹幕最多的打法！
......
两千两百年前，青铜门出现，惊异变体开始在地球诞生，与之一同出现的，还有被标记为零号的多个档案，其中有一份，属于当代一个叫李君尘的年轻人。
惊异变体的能力多种多样，不朽、变形、飞天、遁地等等数不胜数，只有你想不到，没有他们做不到。
而独属于李君尘的能力则是...打破第四面墙！",考古探险、鉴宝收藏，侦探推理、诡秘分析，戏说传承古今中外的民间悬疑文化！,0,0,"['悬疑', '诡秘悬疑']",0,1,89000,25,作者:书友已注销
1038310154,大漠如歌,2024-03-29,最新章节: 第一章 初相识,1707,1,0,来阅文旗下网站阅读我的更多作品吧！,青砖绿瓦，陌上花开香染衣；朱门紫殿，素手摘星霓作裳。,0,0,"['古代言情', '古典架空']",0,1,1707,13,作者:长安十七里
1038310156,末日生存战，每人开局一小块地,0000-00-00,none,8209,3,0,"蓝星人类每人开局一块地，集体穿越，参赛者被投放到各不相同，即将面临灭顶之灾的末日位面，展开一场以厮杀争斗与调查末日为目的的末日生存战。
优美如度假圣地却没有生物的绿色星球。
人理燃烧殆尽热情好客的癫狂文明末日。
生化武器泄露爆发丧尸危机的蓝星镜像。
被世界针对成为世界公敌的魔法中世纪。
高科文明遭智械叛乱的铁心灭绝小剧场。
穿梭在无数惊骇末日中，人类的乌托邦正在王杰洛手中渐渐成型。",此书已下架，去看看其它作品吧,0,0,"['科幻', '末世危机']",0,0,0,3,作者:狗的奇妙冒险
1038310161,星际百货,2024-01-17,最新章节: 第9章 小店升级,28100,14,0,陨石带着末日病毒坠落地球，也带来了七级文明的礼物。丧尸当道，作为一个小卖部老板的陈哲如何生存......,星海漫游，时空穿梭，机械科技，目标是未知的星辰大海！,0,0,"['科幻', '末世危机']",0,2,50000,14,作者:风听雨默
1038310192,病娇女和抑郁男,0000-00-00,none,1097,2,0,病娇女孩爱上了抑郁症男孩，这是一个关于爱情、救赎和成长的故事。在漫长的人生道路上，他们彼此依靠，温暖着对方的心灵，一步步走出黑暗，拥抱阳光。,此书已下架，去看看其它作品吧,0,0,"['短篇', '短篇小说', '轻小说']",0,0,0,8,作者:驴肉炖豆角
1038310204,又活了一年,0000-00-00,none,8504,6,0,我与朋友两三事,此书已下架，去看看其它作品吧,0,0,"['现实', '人间百态']",0,0,0,4,作者:胡诌大王
1038310215,义骸行者,2023-12-04,最新章节: 第19章 兽娘老师,49900,54,0,他从茧仓中苏醒过来，世界已过千年，林也一所处的“第九实验室”是一个违禁词，世界仿佛故意地抹去了他的存在。而一丛丛赏金猎人却为了这里的神秘物品而来。第九实验室，究竟隐藏着什么样的力量？大灾变之后的第927年后，又将迎来怎样的革命？,星海漫游，时空穿梭，机械科技，目标是未知的星辰大海！,0,0,"['科幻', '未来世界']",0,1,50000,29,作者:巴德一刀
1038310225,忆我的老兵父亲,0000-00-00,none,10600,8,0,来阅文旗下网站阅读我的更多作品吧！,此书已下架，去看看其它作品吧,0,0,"['现实', '时代叙事']",0,0,0,3,作者:洒脱的义薄云天
1038310237,诸君，且看吾斩杀乱世之子！,0000-00-00,none,6295,3,0,"穿越者？
穿越者就能自命清高？
穿越者就能夺舍别人？
穿越者就能自诩正义？
穿越者就可以无法无天？
穿越者不过是乱世之子！
乱世之子，你夺舍他人，欺师灭祖，布衣夺城，勾结妖魔，血染山河，罪不可赦！
诸君，且看吾斩杀这乱世之子！！！
……
他是如何穿越的？
是，是，是……",此书已下架，去看看其它作品吧,0,0,"['玄幻', '高武世界']",0,0,0,31,作者:明日白梦
1038310276,咒仙人,0000-00-00,none,8829,4,0,被诡异童谣缠身的诡异克命体质，日后竟走上一条不寻常的道路。。。,此书已下架，去看看其它作品吧,0,0,"['仙侠', '幻想修仙']",0,0,0,2,作者:是三一
1038310279,你是我的一辈子,0000-00-00,none,1009,2,0,一辈子很长也很短，与你携手这十年，开启岁月静好的画面！,此书已下架，去看看其它作品吧,0,0,"['短篇', '生活随笔']",0,0,0,1,作者:米桥儿
1038310294,被宗门劝退的修仙倔驴,0000-00-00,none,7181,6,0,来阅文旗下网站阅读我的更多作品吧！,此书已下架，去看看其它作品吧,0,0,"['玄幻', '东方玄幻']",0,0,0,0,作者:无
1038310296,商业修行：道成金元,2023-11-11,最新章节: 加群,6024,58,0,商业并非纯粹的利润追求，而是一种修行，通过不断的学习和实践，可以达到对商业的深度理解和对人生的新认知。道成金元，即是道成商业，道成人生。,重生过去、畅想未来、梦幻现实，再塑传奇人生！,0,0,"['都市', '商战职场']",0,1,6024,5,作者:打球呢
1038310346,救救我们家族,0000-00-00,none,6040,3,0,"一个普通的家族世代经营着一间普通的旅馆。
恍惚之间黑暗的地牢向他们敞开，无数的疯狂向他们涌来。
而在黎明到来之前他们只能祈求着自己的理智，和自己手中的信仰。
当混乱与黑暗再一次降临于大地之上，唯有理智才可以战胜一切。",此书已下架，去看看其它作品吧,0,0,"['奇幻', '神秘幻想']",0,1,57000,193,作者:问号HXH
1038310376,丙戌，丁亥之变,2023-11-14,最新章节: 九万岁,19500,16,0,明朝末年，清朝入关。崇祯皇帝节节败退，流亡缅甸。隆武皇帝临危受命，却看准时机，策反三藩。清朝在内外交困之际退出关外。形势大好之际，抗清英雄范奉笺突然叛变…,醒掌天下权，醉卧美人膝，五千年风华烟雨，是非成败转头空！,0,0,"['历史', '两宋元明']",0,1,20000,6,作者:书友已注销
1038310436,中二病也要当艺人,2024-03-31,最新章节: 第一百五十章 信手拈来的灵感,318400,204,0,"从小到大，路易都觉得自己脑子里应该有一个来自平行世界的曲库和剧本库，只是失去了记忆。
为了恢复记忆，他历经女友分手、毕业失业、卖身合同等痛苦和挫折，但这一切都不能打倒他，不能浇灭他把平行世界的优秀文化传播到这个世界的野心。
“女人，请你放尊重点，现在站在你面前的，是未来的影帝、天王、娱乐圈的半壁江山、文娱史上的千古一帝......”
旭日初升，路易一手扶额，一手插袋，摆出一个自认为很帅的侧身站姿，向全世界宣布自己的野望。
“麻烦别站在马桶盖上，有害垃圾桶在那边，谢谢。”
林璐站在洗手间门口，睡眼朦胧地打了个哈欠，随手指了个方向。
这个男人已经没救了，爱上他的她也没救了。
所以毁灭吧，这个世界。",重生过去、畅想未来、梦幻现实，再塑传奇人生！,0,0,"['都市', '娱乐明星']",1,1,320000,346,作者:叶落随雨
1038310452,穿越，然后成为魔女首富,0000-00-00,none,29500,32,0,"在魔女世界足够的金钱可以买到想要的一切。
所以我想赚钱，赚很多很多钱，然后让自己变的无比强大。
但唯一的问题是魔女世界很难赚钱，因为魔女企业家实在太多了。
由于魔女的强大，想要开办工厂成为企业家实在简单，所以只要是魔女都想成为企业家。
这是一个废话，谁不想成为企业家呢？
但问题是企业家多了，成为企业家的魔女也不得不卷了起来。",此书已下架，去看看其它作品吧,0,0,"['轻小说', '原生幻想', '轻小说']",0,0,0,0,作者:无
1038310468,高丘王的绝色巫医,2023-11-08,最新章节: 第十八章过招,32800,19,0,来阅文旗下网站阅读我的更多作品吧！,青砖绿瓦，陌上花开香染衣；朱门紫殿，素手摘星霓作裳。,0,0,"['古代言情', '经商种田']",0,1,33000,4,作者:可乐生活02
1038310495,绝世唐门之干将莫邪,0000-00-00,none,1037,2,0,来阅文旗下网站阅读我的更多作品吧！,此书已下架，去看看其它作品吧,0,0,"['玄幻', '异世大陆']",0,0,0,2,作者:作家VNNw7N
1038310509,一人之：我，项鸣，当代楚霸王,2023-11-25,最新章节: 第五十二章：藤木源之助,117300,56,0,"项鸣穿越一人之下，成为项羽后代。
并且开局还觉醒岁月静好系统，只要躺平摆烂，享受生活，就能获得奖励逐渐变强。
只可惜，重生的时间线却是甲申之乱前夕，恰逢乱世，外敌环伺，各方邪恶势力潜伏在阴暗处，不可不防。
精通忍术的比壑山、伊贺忍、甲贺忍。
擅长刀法的神道无念流、镜心明智流、北辰一刀流。
以及施展奇异魔法的翡翠学派、大地之子、异人馆。
面对岌岌可危的局势，项鸣只能挑起重担负重前行，直面一个又一个强敌。
然而却不料系统竟然在关键时刻拖后腿，三令五申阻止项鸣与敌争斗，非要他享受躺平摆烂的人生，如若违反便消减寿命。
看着一步步逼近的强敌，烧杀劫掠，无恶不作。
项鸣再也无法忍受系统劝阻，义无反顾踏入战场，决意死战到底。
只是他却不知道，一切不过是系统的考验罢了，其实他还有一个隐藏系统。",热血的少年，为打破次元壁一往无前！,0,0,"['轻小说', '衍生同人', '轻小说']",1,1,120000,26,作者:书友已注销
1038310519,古玩：人生,2023-11-29,最新章节: 鄂尔多斯：明代大罐,85300,45,0,来阅文旗下网站阅读我的更多作品吧！,重生过去、畅想未来、梦幻现实，再塑传奇人生！,0,0,"['都市', '都市生活']",0,1,85000,30,作者:路过盛京
1038310527,此剑有器灵,2023-12-11,最新章节: 第0034章.洪荒净土(大结局),78000,56,0,"此剑有器灵？
那器灵在哪儿？
你确定没有！
没有的话，那我就把它安排上吧！",心潮澎湃，无限幻想，迎风挥击千层浪，少年不败热血！,1,0,"['玄幻', '异世大陆']",0,2,110000,57,作者:千秋紫月
1038310586,夜里秦汉,0000-00-00,none,687,2,0,一时沉默作,此书已下架，去看看其它作品吧,0,0,"['短篇', '短故事']",0,0,0,2,作者:未命名之
1038310590,锦衣夜行，雪夜归途,2024-01-25,最新章节: 第二十七章,59600,64,0,"四十六年前，朱元璋率领十英十杰大破魔教总坛，名冠天下，结束了江湖武林的多年动荡。
然而在他荣登九五后，却兵拜少林，马踏武当，拂百花楼，覆凌云山，镇压江湖武林二十年。
如今，垂垂老矣的朱元璋，也只能眼睁睁的看着那一双巨大的黑手轻轻拨弄着天下人头上的那片乌云。
风云再起，又是百花盛开的季节。",借三尺明月，衔两袖青龙，轻剑快马恣意，携侣江湖同游！,0,0,"['武侠', '武侠幻想']",0,1,60000,25,作者:藏剑何鱼
1038310591,让你拍烂片，你拍让子弹飞？,2023-12-27,最新章节: 第123章 趁火打劫？,296100,1869,0,"“我的确有不对的地方，但抛开事实不谈，你就一点问题都没有吗？”
前世，沈浪追了叶轻柔五年半，呵护备至。
没曾想，潜规则，男闺蜜，给了沈浪当头棒喝，最后叶轻柔反将一军，说沈浪才是潜规则她的真凶！
一个女孩子，怎么会拿自己的清白开玩笑？
沈浪气急之下，车祸而死，却重生到做选择的那一天。
这一次，沈浪坚定搞事业，报答前世贵人的知遇之恩！
…………
王小鱼：我，大学生创业，父亲丢给了我一家电影公司让我经营，但我得到了亏钱就能返利的神级系统。
找一个最废物的人来当导演，我就不信亏不了！
沈浪：“这是我们要拍的电影《让子弹飞》，我亲自担任主角，还请了两个影帝给我当配角。”
“这什么乱七八糟的，还请两个影帝，得花多少钱？这项目我王小鱼投了！”
沈浪：“这是我们要拍的电影《长津湖》。”
“抗战神剧怎么可能有人看呢，这项目我王小鱼投了！”
沈浪：“这是我们要拍的电影《流浪地球》”
“讲个笑话，华夏科幻，这项目我王小鱼投了！”
看着毫无收益的系统，王小鱼仰望星空。
你管这叫导演系倒第一？",重生过去、畅想未来、梦幻现实，再塑传奇人生！,1,1,"['都市', '都市生活']",3,1,300000,334,作者:七星烈酒
1038310593,希望之火,2023-12-03,最新章节: 第36章偶遇教导员修厉,39400,29,0,来阅文旗下网站阅读我的更多作品吧！,魔兽践踏，巨龙咆哮，巫师诅咒，魔法璀璨之光照耀知识灯塔！,0,0,"['奇幻', '神秘幻想']",0,1,39000,15,作者:归途长风
1038310620,人生重启OL,2023-11-12,最新章节: 第四章 改造计划,8738,47,0,"你是否也想要改变？
来吧，开始我们的人生重启OL！
(OL，游戏用语，英文online，指线上游戏，也称网络游戏。)",热血的少年，为打破次元壁一往无前！,0,0,"['轻小说', '原生幻想', '轻小说']",0,1,8738,40,作者:曲奇奶昔刨冰
1038310637,智械大可汗,2024-02-01,最新章节: 第73章 终,352200,465,0,"“李长空，现在开始你就是星际监护者了”
“也许许多年后，你也会成为堕落帝国”
机械爹如是说道。
“抱歉，老爹，我不会成为星际监护者”
“我要成为银河系的大可汗！”
“无论是天灾还是虚境，亦或是那些堕落的老东西都无法阻挡我统一银河！”
尚且年幼的智械意识如此说道
PS:群星文，沾点战锤的设定",星海漫游，时空穿梭，机械科技，目标是未知的星辰大海！,1,1,"['科幻', '星际文明']",1,2,520000,145,作者:鱼入锅里
1038310638,鬼灭之波纹的勇气赞歌,2023-11-28,最新章节: 延更通知,9787,11,0,"人类的赞歌就是勇气的赞歌！人类的伟大就是勇气的伟大！——齐贝林
此小说致敬JOJO和鬼灭之刃两个动漫所有拥有勇气和觉悟的战士。",热血的少年，为打破次元壁一往无前！,0,0,"['轻小说', '衍生同人', '轻小说']",1,2,56000,31,作者:辰雨先生
1038310639,我在无限试炼里封神,2023-11-06,最新章节: 第15章 狗村,37100,0,0,"叶鹤川为调查妹妹失踪的事，被卷入一场无限试炼游戏。
这里充斥了生死搏杀的危机和人性的丑恶。
当人格化为碎片，
需要至高无上的神为他们归位；
当人们以为叶鹤川只是个平平无奇的普通人，
整个无限试炼游戏却找回了它的主人
——那个唯一的神！",穿梭在各种原创世界或者影视动漫中，打破空间壁，畅想诸天无限。,0,0,"['诸天无限', '无限']",1,1,37000,7,作者:辣椒不怕虫
1038310641,四十以后才明白,2023-12-14,最新章节: 第二章 出身农村，鲤跳龙门,6451,2,0,这是一本自传体小说，描写了作者从一个职场loser到投资市场leader的传奇故事。,重生过去、畅想未来、梦幻现实，再塑传奇人生！,0,0,"['都市', '商战职场']",0,1,6451,2,作者:独孤悟道
1038310648,陌上人可归,0000-00-00,none,24600,0,0,"她与他，本该如萍水相逢，又或有云泥之别。
只是几分水月镜缘，终令人牵住了那根丝线。
兜兜转转，她听闻他最后去了江南。
只是却把从前抛，不识经年故人面。
他问：“姑娘，你找那个人是有何事吗？”
她说：“我有句话带给他。”
飞南雁回北，陌上人可归。",此书已下架，去看看其它作品吧,1,0,"['古代言情', '古典架空']",0,0,0,6,作者:跃川青
1038310656,剑修五龙海,0000-00-00,none,1062,2,0,"化剑成丝如雨下，无影无踪透心神。
剑修五龙海，以剑入道，终极剑修的修行圣地。
魏一笑是一个资质平平的炼气士，他痴迷剑道，自创出一套乱披风剑法，成为了别人口中的笑话。
正所谓，只要自己不尴尬，努力奋斗，将来啪啪打脸别人时，尴尬的就是别人。
魏一笑用他的行动证明了…这是特喵的扯淡。想要啪啪打脸别人真的很难…",此书已下架，去看看其它作品吧,0,0,"['仙侠', '幻想修仙']",0,0,0,0,作者:无
1038310681,凡人：风雷灵根，娶妻陈巧倩,2024-03-31,最新章节: 第201章 火烛果！,892000,4361,1,"重生燕家子弟，与燕如嫣同修，娶妻陈巧倩。
觉醒每日结算系统。
【修炼一日，获得两缕灵力】
【修炼风刃术，熟练度增加】
燕如嫣：为什么你的修炼速度比我还快。
韩立：为什么你的傀儡，阵法，炼器，炼丹都比我强。",修仙觅长生，热血任逍遥，踏莲曳波涤剑骨，凭虚御风塑圣魂！,0,1,"['仙侠', '修真文明']",3,1,890000,167,作者:虎脂玉
1038310682,修仙：我的努力必有所成,2024-03-31,最新章节: 第185章 入矿区，寻找结丹地点,830900,5732,3,"高订过万，精品佳作，畅销精选。
凡人流、稳健、冷静、天道酬勤、杀伐果断
陈易穿越修仙世界，自带紫金命格：
【命贵紫金：天道酬勤，凡所坚持，必有所成。】
有此命格在，哪怕身为宫家最低等的卖身奴，陈易也并未气馁，
他稳健低调、勤奋刻苦、广结善缘、居安思危、步步为营、直达仙阙。
于是，修仙界出了一位天道酬勤的稳健少年，风云绞动间，处处都有他成长的轨迹。",修仙觅长生，热血任逍遥，踏莲曳波涤剑骨，凭虚御风塑圣魂！,0,1,"['仙侠', '古典仙侠']",3,1,830000,153,作者:灰头土脸向前跑
1038310683,泣血之灵第一部诡岛之约,2023-11-23,最新章节: 第二十二章 离别，这张长椅,30299,10,0,红角公羊,重生过去、畅想未来、梦幻现实，再塑传奇人生！,0,0,"['都市', '都市异能']",0,1,30000,9,作者:怒角公羊
